-- phpMyAdmin SQL Dump
-- version 4.2.11
-- http://www.phpmyadmin.net
--
-- Host: 127.0.0.1
-- Generation Time: Apr 08, 2018 at 03:31 PM
-- Server version: 5.6.14-log
-- PHP Version: 5.6.3

SET SQL_MODE = "NO_AUTO_VALUE_ON_ZERO";
SET time_zone = "+00:00";


/*!40101 SET @OLD_CHARACTER_SET_CLIENT=@@CHARACTER_SET_CLIENT */;
/*!40101 SET @OLD_CHARACTER_SET_RESULTS=@@CHARACTER_SET_RESULTS */;
/*!40101 SET @OLD_COLLATION_CONNECTION=@@COLLATION_CONNECTION */;
/*!40101 SET NAMES utf8 */;

--
-- Database: `bold`
--

-- --------------------------------------------------------

--
-- Table structure for table `appointments`
--

CREATE TABLE IF NOT EXISTS `appointments` (
`id` int(11) NOT NULL,
  `user_id` int(11) NOT NULL,
  `type` int(11) NOT NULL DEFAULT '0',
  `specialization` int(11) NOT NULL DEFAULT '0',
  `first_from` datetime NOT NULL,
  `first_to` datetime NOT NULL,
  `second_from` datetime NOT NULL,
  `second_to` datetime NOT NULL,
  `method` int(11) NOT NULL DEFAULT '0',
  `comment` varchar(800) NOT NULL DEFAULT '',
  `date` datetime NOT NULL
) ENGINE=InnoDB AUTO_INCREMENT=6 DEFAULT CHARSET=latin1;

--
-- Dumping data for table `appointments`
--

INSERT INTO `appointments` (`id`, `user_id`, `type`, `specialization`, `first_from`, `first_to`, `second_from`, `second_to`, `method`, `comment`, `date`) VALUES
(3, 1, 0, 2, '2016-12-07 13:23:00', '2016-12-07 15:23:00', '0000-00-00 00:00:00', '0000-00-00 00:00:00', 0, 'hello', '2016-11-05 23:24:22'),
(4, 1, 0, 2, '2016-11-12 09:04:00', '2016-11-12 11:04:00', '2016-11-12 09:04:00', '2016-11-12 11:04:00', 0, '', '2016-11-12 09:04:43'),
(5, 1, 0, 2, '2016-11-14 11:50:00', '2016-11-14 13:50:00', '0000-00-00 00:00:00', '0000-00-00 00:00:00', 0, 'Booking', '2016-11-14 11:50:52');

-- --------------------------------------------------------

--
-- Table structure for table `expenditure`
--

CREATE TABLE IF NOT EXISTS `expenditure` (
`id` int(11) NOT NULL,
  `staff_id` int(11) NOT NULL DEFAULT '0',
  `name` varchar(100) NOT NULL,
  `remark` varchar(200) NOT NULL DEFAULT '',
  `total` decimal(20,2) NOT NULL,
  `date` datetime NOT NULL
) ENGINE=InnoDB AUTO_INCREMENT=2 DEFAULT CHARSET=latin1;

--
-- Dumping data for table `expenditure`
--

INSERT INTO `expenditure` (`id`, `staff_id`, `name`, `remark`, `total`, `date`) VALUES
(1, 1, 'Staff Salary', 'Payment', '50000.00', '2016-11-13 14:24:04');

-- --------------------------------------------------------

--
-- Table structure for table `groups`
--

CREATE TABLE IF NOT EXISTS `groups` (
`id` mediumint(8) unsigned NOT NULL,
  `name` varchar(20) NOT NULL,
  `description` varbinary(150) NOT NULL,
  `bgcolor` char(7) NOT NULL DEFAULT '#607D8B'
) ENGINE=InnoDB AUTO_INCREMENT=9 DEFAULT CHARSET=utf8;

--
-- Dumping data for table `groups`
--

INSERT INTO `groups` (`id`, `name`, `description`, `bgcolor`) VALUES
(1, 'admin', 0x41646d696e6973747261746f72, '#F44336'),
(2, 'members', 0x47656e6572616c2055736572, '#000000'),
(3, 'mzgroup', 0x74657374696e67, '#607D8B'),
(4, 'mz', 0x616264756c, '#sss'),
(5, 'mz', 0x4947, '#sss'),
(6, 'mz', 0x4947, '#sss'),
(7, 'mz', 0x616161, '#sss'),
(8, 'mzee', 0x4947e347645b131a6f855aeccd499a8d, '#sss');

-- --------------------------------------------------------

--
-- Table structure for table `income`
--

CREATE TABLE IF NOT EXISTS `income` (
`id` int(11) NOT NULL,
  `staff_id` int(11) NOT NULL,
  `user_id` int(11) NOT NULL DEFAULT '0',
  `type` int(11) NOT NULL,
  `product` int(11) NOT NULL DEFAULT '0',
  `amount` decimal(20,2) DEFAULT '0.00',
  `unit` int(11) NOT NULL DEFAULT '1',
  `total` decimal(20,2) NOT NULL DEFAULT '0.00',
  `discount` float NOT NULL DEFAULT '0',
  `promo_id` int(11) NOT NULL DEFAULT '0',
  `comment` varchar(100) NOT NULL DEFAULT '',
  `date` datetime NOT NULL
) ENGINE=InnoDB AUTO_INCREMENT=28 DEFAULT CHARSET=latin1;

--
-- Dumping data for table `income`
--

INSERT INTO `income` (`id`, `staff_id`, `user_id`, `type`, `product`, `amount`, `unit`, `total`, `discount`, `promo_id`, `comment`, `date`) VALUES
(1, 1, 2, 0, 1, '14000.00', 2, '28000.00', 10, 2, '', '2016-11-13 09:12:05'),
(2, 1, 2, 0, 5, '20000.00', 1, '20000.00', 10, 2, '', '2016-11-13 09:12:05'),
(3, 1, 3, 0, 6, '3500.00', 1, '3150.00', 10, 2, 'Hello', '2016-11-13 09:14:54'),
(4, 1, 3, 0, 4, '20000.00', 4, '72000.00', 10, 2, 'Hello', '2016-11-13 09:14:54'),
(5, 1, 3, 0, 2, '7000.00', 1, '7000.00', 0, 0, 'Hello', '2016-11-13 10:58:32'),
(6, 1, 3, 1, 2, '7000.00', 1, '7000.00', 0, 0, 'ours', '2016-11-13 13:19:50'),
(7, 1, 3, 1, 3, '3000.00', 1, '3000.00', 0, 0, 'ours', '2016-11-13 13:19:50'),
(8, 1, 3, 1, 3, '3000.00', 1, '3000.00', 0, 0, 'ours', '2016-11-13 13:19:50'),
(9, 1, 3, 0, 6, '3500.00', 1, '3150.00', 10, 2, '', '2016-11-13 14:26:35'),
(10, 1, 2, 1, 1, '14000.00', 1, '14000.00', 0, 0, '', '2016-11-14 06:26:27'),
(11, 1, 2, 1, 1, '14000.00', 1, '14000.00', 0, 0, '', '2016-11-14 06:26:27'),
(12, 1, 2, 1, 1, '14000.00', 1, '14000.00', 0, 0, '', '2016-11-14 06:26:27'),
(13, 1, 2, 1, 1, '14000.00', 1, '8820.00', 37, 6, '', '2016-11-14 07:32:34'),
(14, 1, 2, 1, 1, '14000.00', 1, '8820.00', 37, 6, '', '2016-11-14 07:32:34'),
(15, 1, 2, 1, 1, '14000.00', 1, '8820.00', 37, 6, '', '2016-11-14 07:32:34'),
(16, 1, 2, 1, 1, '14000.00', 1, '14000.00', 0, 0, '', '2016-11-14 07:33:16'),
(17, 1, 2, 1, 1, '14000.00', 1, '14000.00', 0, 0, '', '2016-11-14 07:33:16'),
(18, 1, 2, 1, 1, '14000.00', 1, '14000.00', 0, 0, '', '2016-11-14 07:33:16'),
(19, 1, 2, 1, 1, '14000.00', 1, '8820.00', 37, 6, '', '2016-11-14 07:34:36'),
(20, 1, 9, 1, 1, '14000.00', 1, '14000.00', 0, 0, '', '2016-11-14 08:49:20'),
(21, 1, 0, 0, 5, '20000.00', 2, '40000.00', 0, 0, '', '2016-11-14 08:57:06'),
(22, 1, 0, 0, 1, '14000.00', 1, '14000.00', 0, 0, '', '2016-11-14 08:57:06'),
(23, 1, 9, 1, 3, '3000.00', 1, '3000.00', 0, 0, '', '2016-11-22 14:37:14'),
(24, 1, 9, 1, 5, '20000.00', 1, '20000.88', 0, 0, '', '2016-11-22 14:37:14'),
(25, 1, 6, 1, 6, '3500.00', 1, '3500.00', 0, 0, '', '2016-11-22 15:45:21'),
(26, 1, 2, 1, 5, '20000.88', 3, '42001.85', 30, 8, '', '2016-11-23 19:24:38'),
(27, 1, 2, 1, 1, '14000.55', 1, '9800.39', 30, 8, '', '2016-11-23 19:24:38');

-- --------------------------------------------------------

--
-- Table structure for table `language`
--

CREATE TABLE IF NOT EXISTS `language` (
`phrase_id` int(11) NOT NULL,
  `phrase` longtext COLLATE utf8_unicode_ci NOT NULL,
  `english` longtext COLLATE utf8_unicode_ci NOT NULL,
  `bengali` longtext COLLATE utf8_unicode_ci NOT NULL,
  `spanish` longtext COLLATE utf8_unicode_ci NOT NULL,
  `arabic` longtext COLLATE utf8_unicode_ci NOT NULL,
  `dutch` longtext COLLATE utf8_unicode_ci NOT NULL,
  `russian` longtext COLLATE utf8_unicode_ci NOT NULL,
  `chinese` longtext COLLATE utf8_unicode_ci NOT NULL,
  `turkish` longtext COLLATE utf8_unicode_ci NOT NULL,
  `portuguese` longtext COLLATE utf8_unicode_ci NOT NULL,
  `hungarian` longtext COLLATE utf8_unicode_ci NOT NULL,
  `french` longtext COLLATE utf8_unicode_ci NOT NULL,
  `greek` longtext COLLATE utf8_unicode_ci NOT NULL,
  `german` longtext COLLATE utf8_unicode_ci NOT NULL,
  `italian` longtext COLLATE utf8_unicode_ci NOT NULL,
  `thai` longtext COLLATE utf8_unicode_ci NOT NULL,
  `urdu` longtext COLLATE utf8_unicode_ci NOT NULL,
  `hindi` longtext COLLATE utf8_unicode_ci NOT NULL,
  `latin` longtext COLLATE utf8_unicode_ci NOT NULL,
  `indonesian` longtext COLLATE utf8_unicode_ci NOT NULL,
  `japanese` longtext COLLATE utf8_unicode_ci NOT NULL,
  `korean` longtext COLLATE utf8_unicode_ci NOT NULL,
  `dirty` tinyint(4) NOT NULL DEFAULT '0',
  `deleted` tinyint(4) NOT NULL DEFAULT '0',
  `rowversion` bigint(20) NOT NULL DEFAULT '0'
) ENGINE=MyISAM AUTO_INCREMENT=1661 DEFAULT CHARSET=utf8 COLLATE=utf8_unicode_ci;

--
-- Dumping data for table `language`
--

INSERT INTO `language` (`phrase_id`, `phrase`, `english`, `bengali`, `spanish`, `arabic`, `dutch`, `russian`, `chinese`, `turkish`, `portuguese`, `hungarian`, `french`, `greek`, `german`, `italian`, `thai`, `urdu`, `hindi`, `latin`, `indonesian`, `japanese`, `korean`, `dirty`, `deleted`, `rowversion`) VALUES
(1281, 'login', 'Login', '', '', '', '', '', '', '', '', '', '', '', '', '', '', '', '', '', '', '', '', 0, 0, 0),
(1282, 'forgot_your_password', 'Forgot Your Password', '', '', '', '', '', '', '', '', '', '', '', '', '', '', '', '', '', '', '', '', 0, 0, 0),
(1283, 'reset_password', 'Reset Password', '', '', '', '', '', '', '', '', '', '', '', '', '', '', '', '', '', '', '', '', 0, 0, 0),
(1284, 'reset_password', 'Reset Password', '', '', '', '', '', '', '', '', '', '', '', '', '', '', '', '', '', '', '', '', 0, 0, 0),
(1285, 'return_to_login_page', 'Return To Login Page', '', '', '', '', '', '', '', '', '', '', '', '', '', '', '', '', '', '', '', '', 0, 0, 0),
(1286, 'admin_dashboard', 'Admin Dashboard', '', '', '', '', '', '', '', '', '', '', '', '', '', '', '', '', '', '', '', '', 0, 0, 0),
(1287, 'dashboard', 'Dashboard', '', '', '', '', '', '', '', '', '', '', '', '', '', '', '', '', '', '', '', '', 0, 0, 0),
(1288, 'account', 'Account', '', '', '', '', '', '', '', '', '', '', '', '', '', '', '', '', '', '', '', '', 0, 0, 0),
(1289, 'event_schedule', 'Event Schedule', '', '', '', '', '', '', '', '', '', '', '', '', '', '', '', '', '', '', '', '', 0, 0, 0),
(1290, 'members', 'Members', '', '', '', '', '', '', '', '', '', '', '', '', '', '', '', '', '', '', '', '', 0, 0, 0),
(1291, 'admin', 'Admin', '', '', '', '', '', '', '', '', '', '', '', '', '', '', '', '', '', '', '', '', 0, 0, 0),
(1292, 'parent', 'Parent', '', '', '', '', '', '', '', '', '', '', '', '', '', '', '', '', '', '', '', '', 0, 0, 0),
(1293, 'delete', 'Delete', '', '', '', '', '', '', '', '', '', '', '', '', '', '', '', '', '', '', '', '', 0, 0, 0),
(1294, 'cancel', 'Cancel', '', '', '', '', '', '', '', '', '', '', '', '', '', '', '', '', '', '', '', '', 0, 0, 0),
(1295, 'manage_profile', 'Manage Profile', '', '', '', '', '', '', '', '', '', '', '', '', '', '', '', '', '', '', '', '', 0, 0, 0),
(1296, 'name', 'Name', '', '', '', '', '', '', '', '', '', '', '', '', '', '', '', '', '', '', '', '', 0, 0, 0),
(1297, 'email', 'Email', '', '', '', '', '', '', '', '', '', '', '', '', '', '', '', '', '', '', '', '', 0, 0, 0),
(1298, 'phone', 'Phone', '', '', '', '', '', '', '', '', '', '', '', '', '', '', '', '', '', '', '', '', 0, 0, 0),
(1299, 'photo', 'Photo', '', '', '', '', '', '', '', '', '', '', '', '', '', '', '', '', '', '', '', '', 0, 0, 0),
(1300, 'update_profile', 'Update Profile', '', '', '', '', '', '', '', '', '', '', '', '', '', '', '', '', '', '', '', '', 0, 0, 0),
(1301, 'change_password', 'Change Password', '', '', '', '', '', '', '', '', '', '', '', '', '', '', '', '', '', '', '', '', 0, 0, 0),
(1302, 'current_password', 'Current Password', '', '', '', '', '', '', '', '', '', '', '', '', '', '', '', '', '', '', '', '', 0, 0, 0),
(1303, 'new_password', 'New Password', '', '', '', '', '', '', '', '', '', '', '', '', '', '', '', '', '', '', '', '', 0, 0, 0),
(1304, 'confirm_new_password', 'Confirm New Password', '', '', '', '', '', '', '', '', '', '', '', '', '', '', '', '', '', '', '', '', 0, 0, 0),
(1305, 'update_profile', 'Update Profile', '', '', '', '', '', '', '', '', '', '', '', '', '', '', '', '', '', '', '', '', 0, 0, 0),
(1306, 'surname', 'Surname', '', '', '', '', '', '', '', '', '', '', '', '', '', '', '', '', '', '', '', '', 0, 0, 0),
(1307, 'first_name', 'First Name', '', '', '', '', '', '', '', '', '', '', '', '', '', '', '', '', '', '', '', '', 0, 0, 0),
(1308, 'middle_name', 'Middle Name', '', '', '', '', '', '', '', '', '', '', '', '', '', '', '', '', '', '', '', '', 0, 0, 0),
(1309, 'account_updated', 'Account Updated', '', '', '', '', '', '', '', '', '', '', '', '', '', '', '', '', '', '', '', '', 0, 0, 0),
(1310, 'subject', 'Subject', '', '', '', '', '', '', '', '', '', '', '', '', '', '', '', '', '', '', '', '', 0, 0, 0),
(1311, 'payments', 'Payments', '', '', '', '', '', '', '', '', '', '', '', '', '', '', '', '', '', '', '', '', 0, 0, 0),
(1312, 'make_payment', 'Make Payment', '', '', '', '', '', '', '', '', '', '', '', '', '', '', '', '', '', '', '', '', 0, 0, 0),
(1313, 'transaction_history', 'Transaction History', '', '', '', '', '', '', '', '', '', '', '', '', '', '', '', '', '', '', '', '', 0, 0, 0),
(1314, 'access_denied_(view_invoices)', 'Access Denied (view Invoices)', '', '', '', '', '', '', '', '', '', '', '', '', '', '', '', '', '', '', '', '', 0, 0, 0),
(1315, 'Submit_Payment', 'Submit Payment', '', '', '', '', '', '', '', '', '', '', '', '', '', '', '', '', '', '', '', '', 0, 0, 0),
(1316, 'add_parent', 'Add Parent', '', '', '', '', '', '', '', '', '', '', '', '', '', '', '', '', '', '', '', '', 0, 0, 0),
(1317, 'value_required', 'Value Required', '', '', '', '', '', '', '', '', '', '', '', '', '', '', '', '', '', '', '', '', 0, 0, 0),
(1318, 'password', 'Password', '', '', '', '', '', '', '', '', '', '', '', '', '', '', '', '', '', '', '', '', 0, 0, 0),
(1319, 'address', 'Address', '', '', '', '', '', '', '', '', '', '', '', '', '', '', '', '', '', '', '', '', 0, 0, 0),
(1320, 'profession', 'Profession', '', '', '', '', '', '', '', '', '', '', '', '', '', '', '', '', '', '', '', '', 0, 0, 0),
(1321, 'add_parent', 'Add Parent', '', '', '', '', '', '', '', '', '', '', '', '', '', '', '', '', '', '', '', '', 0, 0, 0),
(1322, 'branch_name', 'Branch Name', '', '', '', '', '', '', '', '', '', '', '', '', '', '', '', '', '', '', '', '', 0, 0, 0),
(1323, 'teller no', 'Teller No', '', '', '', '', '', '', '', '', '', '', '', '', '', '', '', '', '', '', '', '', 0, 0, 0),
(1324, 'Enter tthe 10 digits teller no', 'Enter Tthe 10 Digits Teller No', '', '', '', '', '', '', '', '', '', '', '', '', '', '', '', '', '', '', '', '', 0, 0, 0),
(1325, 'amount', 'Amount', '', '', '', '', '', '', '', '', '', '', '', '', '', '', '', '', '', '', '', '', 0, 0, 0),
(1326, 'purpose of payment', 'Purpose Of Payment', '', '', '', '', '', '', '', '', '', '', '', '', '', '', '', '', '', '', '', '', 0, 0, 0),
(1327, 'branch numeric strength', 'Branch Numeric Strength', '', '', '', '', '', '', '', '', '', '', '', '', '', '', '', '', '', '', '', '', 0, 0, 0),
(1328, 'remark', 'Remark', '', '', '', '', '', '', '', '', '', '', '', '', '', '', '', '', '', '', '', '', 0, 0, 0),
(1329, 'Enter the 10 digits teller no', 'Enter The 10 Digits Teller No', '', '', '', '', '', '', '', '', '', '', '', '', '', '', '', '', '', '', '', '', 0, 0, 0),
(1330, 'Enter amount paid', 'Enter Amount Paid', '', '', '', '', '', '', '', '', '', '', '', '', '', '', '', '', '', '', '', '', 0, 0, 0),
(1331, 'submit payment', 'Submit Payment', '', '', '', '', '', '', '', '', '', '', '', '', '', '', '', '', '', '', '', '', 0, 0, 0),
(1332, 'payment_successfully_submitted', 'Payment Successfully Submitted', '', '', '', '', '', '', '', '', '', '', '', '', '', '', '', '', '', '', '', '', 0, 0, 0),
(1333, 'transaction history', 'Transaction History', '', '', '', '', '', '', '', '', '', '', '', '', '', '', '', '', '', '', '', '', 0, 0, 0),
(1334, 'transaction history', 'Transaction History', '', '', '', '', '', '', '', '', '', '', '', '', '', '', '', '', '', '', '', '', 0, 0, 0),
(1335, 'date', 'Date', '', '', '', '', '', '', '', '', '', '', '', '', '', '', '', '', '', '', '', '', 0, 0, 0),
(1336, 'teller_no', 'Teller No', '', '', '', '', '', '', '', '', '', '', '', '', '', '', '', '', '', '', '', '', 0, 0, 0),
(1337, 'purpose', 'Purpose', '', '', '', '', '', '', '', '', '', '', '', '', '', '', '', '', '', '', '', '', 0, 0, 0),
(1338, 'payment_status', 'Payment Status', '', '', '', '', '', '', '', '', '', '', '', '', '', '', '', '', '', '', '', '', 0, 0, 0),
(1339, 'options', 'Options', '', '', '', '', '', '', '', '', '', '', '', '', '', '', '', '', '', '', '', '', 0, 0, 0),
(1340, 'edit', 'Edit', '', '', '', '', '', '', '', '', '', '', '', '', '', '', '', '', '', '', '', '', 0, 0, 0),
(1341, 'add_new_parent', 'Add New Parent', '', '', '', '', '', '', '', '', '', '', '', '', '', '', '', '', '', '', '', '', 0, 0, 0),
(1342, 'reprint', 'Reprint', '', '', '', '', '', '', '', '', '', '', '', '', '', '', '', '', '', '', '', '', 0, 0, 0),
(1343, 'From', 'From', '', '', '', '', '', '', '', '', '', '', '', '', '', '', '', '', '', '', '', '', 0, 0, 0),
(1344, 'From', 'From', '', '', '', '', '', '', '', '', '', '', '', '', '', '', '', '', '', '', '', '', 0, 0, 0),
(1345, 'classes', 'Classes', '', '', '', '', '', '', '', '', '', '', '', '', '', '', '', '', '', '', '', '', 0, 0, 0),
(1346, 'class_routine', 'Class Routine', '', '', '', '', '', '', '', '', '', '', '', '', '', '', '', '', '', '', '', '', 0, 0, 0),
(1347, 'attendance', 'Attendance', '', '', '', '', '', '', '', '', '', '', '', '', '', '', '', '', '', '', '', '', 0, 0, 0),
(1348, 'view_attendance', 'View Attendance', '', '', '', '', '', '', '', '', '', '', '', '', '', '', '', '', '', '', '', '', 0, 0, 0),
(1349, 'manage_attendance', 'Manage Attendance', '', '', '', '', '', '', '', '', '', '', '', '', '', '', '', '', '', '', '', '', 0, 0, 0),
(1350, 'view_staff_attendance', 'View Staff Attendance', '', '', '', '', '', '', '', '', '', '', '', '', '', '', '', '', '', '', '', '', 0, 0, 0),
(1351, 'manage_staff_attendance', 'Manage Staff Attendance', '', '', '', '', '', '', '', '', '', '', '', '', '', '', '', '', '', '', '', '', 0, 0, 0),
(1352, 'noticeboard', 'Noticeboard', '', '', '', '', '', '', '', '', '', '', '', '', '', '', '', '', '', '', '', '', 0, 0, 0),
(1353, 'message', 'Message', '', '', '', '', '', '', '', '', '', '', '', '', '', '', '', '', '', '', '', '', 0, 0, 0),
(1354, 'general_settings', 'General Settings', '', '', '', '', '', '', '', '', '', '', '', '', '', '', '', '', '', '', '', '', 0, 0, 0),
(1355, 'Members', 'Members', '', '', '', '', '', '', '', '', '', '', '', '', '', '', '', '', '', '', '', '', 0, 0, 0),
(1356, 'Admin Staff', 'Admin Staff', '', '', '', '', '', '', '', '', '', '', '', '', '', '', '', '', '', '', '', '', 0, 0, 0),
(1357, 'manage_transactions', 'Manage Transactions', '', '', '', '', '', '', '', '', '', '', '', '', '', '', '', '', '', '', '', '', 0, 0, 0),
(1358, 'halls', 'Halls', '', '', '', '', '', '', '', '', '', '', '', '', '', '', '', '', '', '', '', '', 0, 0, 0),
(1359, 'manage_branch', 'Manage Branch', '', '', '', '', '', '', '', '', '', '', '', '', '', '', '', '', '', '', '', '', 0, 0, 0),
(1360, 'add new member', 'Add New Member', '', '', '', '', '', '', '', '', '', '', '', '', '', '', '', '', '', '', '', '', 0, 0, 0),
(1361, 'system_settings', 'System Settings', '', '', '', '', '', '', '', '', '', '', '', '', '', '', '', '', '', '', '', '', 0, 0, 0),
(1362, 'system_settings', 'System Settings', '', '', '', '', '', '', '', '', '', '', '', '', '', '', '', '', '', '', '', '', 0, 0, 0),
(1363, 'system_name', 'System Name', '', '', '', '', '', '', '', '', '', '', '', '', '', '', '', '', '', '', '', '', 0, 0, 0),
(1364, 'system_title', 'System Title', '', '', '', '', '', '', '', '', '', '', '', '', '', '', '', '', '', '', '', '', 0, 0, 0),
(1365, 'currency', 'Currency', '', '', '', '', '', '', '', '', '', '', '', '', '', '', '', '', '', '', '', '', 0, 0, 0),
(1366, 'system_email', 'System Email', '', '', '', '', '', '', '', '', '', '', '', '', '', '', '', '', '', '', '', '', 0, 0, 0),
(1367, 'language', 'Language', '', '', '', '', '', '', '', '', '', '', '', '', '', '', '', '', '', '', '', '', 0, 0, 0),
(1368, 'text_align', 'Text Align', '', '', '', '', '', '', '', '', '', '', '', '', '', '', '', '', '', '', '', '', 0, 0, 0),
(1369, 'save', 'Save', '', '', '', '', '', '', '', '', '', '', '', '', '', '', '', '', '', '', '', '', 0, 0, 0),
(1370, 'update_product', 'Update Product', '', '', '', '', '', '', '', '', '', '', '', '', '', '', '', '', '', '', '', '', 0, 0, 0),
(1371, 'file', 'File', '', '', '', '', '', '', '', '', '', '', '', '', '', '', '', '', '', '', '', '', 0, 0, 0),
(1372, 'install_update', 'Install Update', '', '', '', '', '', '', '', '', '', '', '', '', '', '', '', '', '', '', '', '', 0, 0, 0),
(1373, 'theme_settings', 'Theme Settings', '', '', '', '', '', '', '', '', '', '', '', '', '', '', '', '', '', '', '', '', 0, 0, 0),
(1374, 'default', 'Default', '', '', '', '', '', '', '', '', '', '', '', '', '', '', '', '', '', '', '', '', 0, 0, 0),
(1375, 'select_theme', 'Select Theme', '', '', '', '', '', '', '', '', '', '', '', '', '', '', '', '', '', '', '', '', 0, 0, 0),
(1376, 'select_theme', 'Select Theme', '', '', '', '', '', '', '', '', '', '', '', '', '', '', '', '', '', '', '', '', 0, 0, 0),
(1377, 'select_theme', 'Select Theme', '', '', '', '', '', '', '', '', '', '', '', '', '', '', '', '', '', '', '', '', 0, 0, 0),
(1378, 'select_theme', 'Select Theme', '', '', '', '', '', '', '', '', '', '', '', '', '', '', '', '', '', '', '', '', 0, 0, 0),
(1379, 'select_theme', 'Select Theme', '', '', '', '', '', '', '', '', '', '', '', '', '', '', '', '', '', '', '', '', 0, 0, 0),
(1380, 'select_theme', 'Select Theme', '', '', '', '', '', '', '', '', '', '', '', '', '', '', '', '', '', '', '', '', 0, 0, 0),
(1381, 'select_theme', 'Select Theme', '', '', '', '', '', '', '', '', '', '', '', '', '', '', '', '', '', '', '', '', 0, 0, 0),
(1382, 'select_theme', 'Select Theme', '', '', '', '', '', '', '', '', '', '', '', '', '', '', '', '', '', '', '', '', 0, 0, 0),
(1383, 'select_a_theme_to_make_changes', 'Select A Theme To Make Changes', '', '', '', '', '', '', '', '', '', '', '', '', '', '', '', '', '', '', '', '', 0, 0, 0),
(1384, 'upload_logo', 'Upload Logo', '', '', '', '', '', '', '', '', '', '', '', '', '', '', '', '', '', '', '', '', 0, 0, 0),
(1385, 'upload', 'Upload', '', '', '', '', '', '', '', '', '', '', '', '', '', '', '', '', '', '', '', '', 0, 0, 0),
(1386, 'settings_updated', 'Settings Updated', '', '', '', '', '', '', '', '', '', '', '', '', '', '', '', '', '', '', '', '', 0, 0, 0),
(1387, 'image', 'Image', '', '', '', '', '', '', '', '', '', '', '', '', '', '', '', '', '', '', '', '', 0, 0, 0),
(1388, 'residential_address', 'Residential Address', '', '', '', '', '', '', '', '', '', '', '', '', '', '', '', '', '', '', '', '', 0, 0, 0),
(1389, 'Admin', 'Admin', '', '', '', '', '', '', '', '', '', '', '', '', '', '', '', '', '', '', '', '', 0, 0, 0),
(1390, 'update_my_account', 'Update My Account', '', '', '', '', '', '', '', '', '', '', '', '', '', '', '', '', '', '', '', '', 0, 0, 0),
(1391, 'profile', 'Profile', '', '', '', '', '', '', '', '', '', '', '', '', '', '', '', '', '', '', '', '', 0, 0, 0),
(1392, 'data_updated_successfully', 'Data Updated Successfully', '', '', '', '', '', '', '', '', '', '', '', '', '', '', '', '', '', '', '', '', 0, 0, 0),
(1393, 'data_added_successfully', 'Data Added Successfully', '', '', '', '', '', '', '', '', '', '', '', '', '', '', '', '', '', '', '', '', 0, 0, 0),
(1394, 'payment_confirmed', 'Payment Confirmed', '', '', '', '', '', '', '', '', '', '', '', '', '', '', '', '', '', '', '', '', 0, 0, 0),
(1395, 'branch_list', 'Branch List', '', '', '', '', '', '', '', '', '', '', '', '', '', '', '', '', '', '', '', '', 0, 0, 0),
(1396, 'add_new branch', 'Add New Branch', '', '', '', '', '', '', '', '', '', '', '', '', '', '', '', '', '', '', '', '', 0, 0, 0),
(1397, 'Branch', 'Branch', '', '', '', '', '', '', '', '', '', '', '', '', '', '', '', '', '', '', '', '', 0, 0, 0),
(1398, 'data_updated', 'Data Updated', '', '', '', '', '', '', '', '', '', '', '', '', '', '', '', '', '', '', '', '', 0, 0, 0),
(1399, 'data_deleted', 'Data Deleted', '', '', '', '', '', '', '', '', '', '', '', '', '', '', '', '', '', '', '', '', 0, 0, 0),
(1400, 'manage halls', 'Manage Halls', '', '', '', '', '', '', '', '', '', '', '', '', '', '', '', '', '', '', '', '', 0, 0, 0),
(1401, 'booked halls', 'Booked Halls', '', '', '', '', '', '', '', '', '', '', '', '', '', '', '', '', '', '', '', '', 0, 0, 0),
(1402, 'manage_halls', 'Manage Halls', '', '', '', '', '', '', '', '', '', '', '', '', '', '', '', '', '', '', '', '', 0, 0, 0),
(1403, 'hall_list', 'Hall List', '', '', '', '', '', '', '', '', '', '', '', '', '', '', '', '', '', '', '', '', 0, 0, 0),
(1404, 'add hall to the viewed branch', 'Add Hall To The Viewed Branch', '', '', '', '', '', '', '', '', '', '', '', '', '', '', '', '', '', '', '', '', 0, 0, 0),
(1405, 'capacity', 'Capacity', '', '', '', '', '', '', '', '', '', '', '', '', '', '', '', '', '', '', '', '', 0, 0, 0),
(1406, 'branch', 'Branch', '', '', '', '', '', '', '', '', '', '', '', '', '', '', '', '', '', '', '', '', 0, 0, 0),
(1407, 'hall_name', 'Hall Name', '', '', '', '', '', '', '', '', '', '', '', '', '', '', '', '', '', '', '', '', 0, 0, 0),
(1408, 'location', 'Location', '', '', '', '', '', '', '', '', '', '', '', '', '', '', '', '', '', '', '', '', 0, 0, 0),
(1409, 'select a branch', 'Select A Branch', '', '', '', '', '', '', '', '', '', '', '', '', '', '', '', '', '', '', '', '', 0, 0, 0),
(1410, 'book_hall', 'Book Hall', '', '', '', '', '', '', '', '', '', '', '', '', '', '', '', '', '', '', '', '', 0, 0, 0),
(1411, 'Book All', 'Book All', '', '', '', '', '', '', '', '', '', '', '', '', '', '', '', '', '', '', '', '', 0, 0, 0),
(1412, 'Book hall', 'Book Hall', '', '', '', '', '', '', '', '', '', '', '', '', '', '', '', '', '', '', '', '', 0, 0, 0),
(1413, 'manage_noticeboard', 'Manage Noticeboard', '', '', '', '', '', '', '', '', '', '', '', '', '', '', '', '', '', '', '', '', 0, 0, 0),
(1414, 'private_messaging', 'Private Messaging', '', '', '', '', '', '', '', '', '', '', '', '', '', '', '', '', '', '', '', '', 0, 0, 0),
(1415, 'messages', 'Messages', '', '', '', '', '', '', '', '', '', '', '', '', '', '', '', '', '', '', '', '', 0, 0, 0),
(1416, 'new_message', 'New Message', '', '', '', '', '', '', '', '', '', '', '', '', '', '', '', '', '', '', '', '', 0, 0, 0),
(1417, 'first name', 'First Name', '', '', '', '', '', '', '', '', '', '', '', '', '', '', '', '', '', '', '', '', 0, 0, 0),
(1418, 'your first name', 'Your First Name', '', '', '', '', '', '', '', '', '', '', '', '', '', '', '', '', '', '', '', '', 0, 0, 0),
(1419, 'last name', 'Last Name', '', '', '', '', '', '', '', '', '', '', '', '', '', '', '', '', '', '', '', '', 0, 0, 0),
(1420, 'Your last name', 'Your Last Name', '', '', '', '', '', '', '', '', '', '', '', '', '', '', '', '', '', '', '', '', 0, 0, 0),
(1421, 'enter phone number', 'Enter Phone Number', '', '', '', '', '', '', '', '', '', '', '', '', '', '', '', '', '', '', '', '', 0, 0, 0),
(1422, 'select branch', 'Select Branch', '', '', '', '', '', '', '', '', '', '', '', '', '', '', '', '', '', '', '', '', 0, 0, 0),
(1423, 'select hall', 'Select Hall', '', '', '', '', '', '', '', '', '', '', '', '', '', '', '', '', '', '', '', '', 0, 0, 0),
(1424, 'submit', 'Submit', '', '', '', '', '', '', '', '', '', '', '', '', '', '', '', '', '', '', '', '', 0, 0, 0),
(1425, 'event date', 'Event Date', '', '', '', '', '', '', '', '', '', '', '', '', '', '', '', '', '', '', '', '', 0, 0, 0),
(1426, 'days', 'Days', '', '', '', '', '', '', '', '', '', '', '', '', '', '', '', '', '', '', '', '', 0, 0, 0),
(1427, 'total', 'Total', '', '', '', '', '', '', '', '', '', '', '', '', '', '', '', '', '', '', '', '', 0, 0, 0),
(1428, 'event name', 'Event Name', '', '', '', '', '', '', '', '', '', '', '', '', '', '', '', '', '', '', '', '', 0, 0, 0),
(1429, 'Enter Event Name', 'Enter Event Name', '', '', '', '', '', '', '', '', '', '', '', '', '', '', '', '', '', '', '', '', 0, 0, 0),
(1430, 'payment method', 'Payment Method', '', '', '', '', '', '', '', '', '', '', '', '', '', '', '', '', '', '', '', '', 0, 0, 0),
(1431, 'Select payment method', 'Select Payment Method', '', '', '', '', '', '', '', '', '', '', '', '', '', '', '', '', '', '', '', '', 0, 0, 0),
(1432, 'view_booked_hall', 'View Booked Hall', '', '', '', '', '', '', '', '', '', '', '', '', '', '', '', '', '', '', '', '', 0, 0, 0),
(1433, 'session', 'Session', '', '', '', '', '', '', '', '', '', '', '', '', '', '', '', '', '', '', '', '', 0, 0, 0),
(1434, 'create_session', 'Create Session', '', '', '', '', '', '', '', '', '', '', '', '', '', '', '', '', '', '', '', '', 0, 0, 0),
(1435, 'add_term', 'Add Term', '', '', '', '', '', '', '', '', '', '', '', '', '', '', '', '', '', '', '', '', 0, 0, 0),
(1436, 'session', 'Session', '', '', '', '', '', '', '', '', '', '', '', '', '', '', '', '', '', '', '', '', 0, 0, 0),
(1437, 'terms', 'Terms', '', '', '', '', '', '', '', '', '', '', '', '', '', '', '', '', '', '', '', '', 0, 0, 0),
(1438, 'add_session', 'Add Session', '', '', '', '', '', '', '', '', '', '', '', '', '', '', '', '', '', '', '', '', 0, 0, 0),
(1439, 'term_start_date', 'Term Start Date', '', '', '', '', '', '', '', '', '', '', '', '', '', '', '', '', '', '', '', '', 0, 0, 0),
(1440, 'term_end_date', 'Term End Date', '', '', '', '', '', '', '', '', '', '', '', '', '', '', '', '', '', '', '', '', 0, 0, 0),
(1441, 'session', 'Session', '', '', '', '', '', '', '', '', '', '', '', '', '', '', '', '', '', '', '', '', 0, 0, 0),
(1442, 'select_session', 'Select Session', '', '', '', '', '', '', '', '', '', '', '', '', '', '', '', '', '', '', '', '', 0, 0, 0),
(1443, 'booked events', 'Booked Events', '', '', '', '', '', '', '', '', '', '', '', '', '', '', '', '', '', '', '', '', 0, 0, 0),
(1444, 'expired booked event', 'Expired Booked Event', '', '', '', '', '', '', '', '', '', '', '', '', '', '', '', '', '', '', '', '', 0, 0, 0),
(1445, 'id', 'Id', '', '', '', '', '', '', '', '', '', '', '', '', '', '', '', '', '', '', '', '', 0, 0, 0),
(1446, 'client name', 'Client Name', '', '', '', '', '', '', '', '', '', '', '', '', '', '', '', '', '', '', '', '', 0, 0, 0),
(1447, 'event', 'Event', '', '', '', '', '', '', '', '', '', '', '', '', '', '', '', '', '', '', '', '', 0, 0, 0),
(1448, 'booked date', 'Booked Date', '', '', '', '', '', '', '', '', '', '', '', '', '', '', '', '', '', '', '', '', 0, 0, 0),
(1449, 'action', 'Action', '', '', '', '', '', '', '', '', '', '', '', '', '', '', '', '', '', '', '', '', 0, 0, 0),
(1450, 'start', 'Start', '', '', '', '', '', '', '', '', '', '', '', '', '', '', '', '', '', '', '', '', 0, 0, 0),
(1451, 'end', 'End', '', '', '', '', '', '', '', '', '', '', '', '', '', '', '', '', '', '', '', '', 0, 0, 0),
(1452, 'mark_current', 'Mark Current', '', '', '', '', '', '', '', '', '', '', '', '', '', '', '', '', '', '', '', '', 0, 0, 0),
(1453, 'FROM (booked date)', 'FROM (booked Date)', '', '', '', '', '', '', '', '', '', '', '', '', '', '', '', '', '', '', '', '', 0, 0, 0),
(1454, 'TO (booked date)', 'TO (booked Date)', '', '', '', '', '', '', '', '', '', '', '', '', '', '', '', '', '', '', '', '', 0, 0, 0),
(1455, 'account details', 'Account Details', '', '', '', '', '', '', '', '', '', '', '', '', '', '', '', '', '', '', '', '', 0, 0, 0),
(1456, 'add_admin', 'Add Admin', '', '', '', '', '', '', '', '', '', '', '', '', '', '', '', '', '', '', '', '', 0, 0, 0),
(1457, 'email_address_already_exit', 'Email Address Already Exit', '', '', '', '', '', '', '', '', '', '', '', '', '', '', '', '', '', '', '', '', 0, 0, 0),
(1458, 'payments made', 'Payments Made', '', '', '', '', '', '', '', '', '', '', '', '', '', '', '', '', '', '', '', '', 0, 0, 0),
(1459, 'payment made', 'Payment Made', '', '', '', '', '', '', '', '', '', '', '', '', '', '', '', '', '', '', '', '', 0, 0, 0),
(1460, 'Manage Hall', 'Manage Hall', '', '', '', '', '', '', '', '', '', '', '', '', '', '', '', '', '', '', '', '', 0, 0, 0),
(1461, 'access_denied_(manage_settings)', 'Access Denied (manage Settings)', '', '', '', '', '', '', '', '', '', '', '', '', '', '', '', '', '', '', '', '', 0, 0, 0),
(1462, 'theme_selected', 'Theme Selected', '', '', '', '', '', '', '', '', '', '', '', '', '', '', '', '', '', '', '', '', 0, 0, 0),
(1463, 'hall reservation', 'Hall Reservation', '', '', '', '', '', '', '', '', '', '', '', '', '', '', '', '', '', '', '', '', 0, 0, 0),
(1464, 'room reservation', 'Room Reservation', '', '', '', '', '', '', '', '', '', '', '', '', '', '', '', '', '', '', '', '', 0, 0, 0),
(1465, 'select room', 'Select Room', '', '', '', '', '', '', '', '', '', '', '', '', '', '', '', '', '', '', '', '', 0, 0, 0),
(1466, 'select hall/room', 'Select Hall/room', '', '', '', '', '', '', '', '', '', '', '', '', '', '', '', '', '', '', '', '', 0, 0, 0),
(1467, 'book date', 'Book Date', '', '', '', '', '', '', '', '', '', '', '', '', '', '', '', '', '', '', '', '', 0, 0, 0),
(1468, 'reserved hall', 'Reserved Hall', '', '', '', '', '', '', '', '', '', '', '', '', '', '', '', '', '', '', '', '', 0, 0, 0),
(1469, 'reserved room', 'Reserved Room', '', '', '', '', '', '', '', '', '', '', '', '', '', '', '', '', '', '', '', '', 0, 0, 0),
(1470, 'view_reserved halls', 'View Reserved Halls', '', '', '', '', '', '', '', '', '', '', '', '', '', '', '', '', '', '', '', '', 0, 0, 0),
(1471, 'view_reserved rooms', 'View Reserved Rooms', '', '', '', '', '', '', '', '', '', '', '', '', '', '', '', '', '', '', '', '', 0, 0, 0),
(1472, 'manage_reservations', 'Manage Reservations', '', '', '', '', '', '', '', '', '', '', '', '', '', '', '', '', '', '', '', '', 0, 0, 0),
(1473, 'reserved halls', 'Reserved Halls', '', '', '', '', '', '', '', '', '', '', '', '', '', '', '', '', '', '', '', '', 0, 0, 0),
(1474, 'reserved rooms', 'Reserved Rooms', '', '', '', '', '', '', '', '', '', '', '', '', '', '', '', '', '', '', '', '', 0, 0, 0),
(1475, 'hall', 'Hall', '', '', '', '', '', '', '', '', '', '', '', '', '', '', '', '', '', '', '', '', 0, 0, 0),
(1476, 'hall', 'Hall', '', '', '', '', '', '', '', '', '', '', '', '', '', '', '', '', '', '', '', '', 0, 0, 0),
(1477, 'add room to the viewed branch', 'Add Room To The Viewed Branch', '', '', '', '', '', '', '', '', '', '', '', '', '', '', '', '', '', '', '', '', 0, 0, 0),
(1478, 'room', 'Room', '', '', '', '', '', '', '', '', '', '', '', '', '', '', '', '', '', '', '', '', 0, 0, 0),
(1479, 'room', 'Room', '', '', '', '', '', '', '', '', '', '', '', '', '', '', '', '', '', '', '', '', 0, 0, 0),
(1480, 'Manage create', 'Manage Create', '', '', '', '', '', '', '', '', '', '', '', '', '', '', '', '', '', '', '', '', 0, 0, 0),
(1481, 'create_name', 'Create Name', '', '', '', '', '', '', '', '', '', '', '', '', '', '', '', '', '', '', '', '', 0, 0, 0),
(1482, 'reserved 2', 'Reserved 2', '', '', '', '', '', '', '', '', '', '', '', '', '', '', '', '', '', '', '', '', 0, 0, 0),
(1483, 'Manage update', 'Manage Update', '', '', '', '', '', '', '', '', '', '', '', '', '', '', '', '', '', '', '', '', 0, 0, 0),
(1484, 'update_name', 'Update Name', '', '', '', '', '', '', '', '', '', '', '', '', '', '', '', '', '', '', '', '', 0, 0, 0),
(1485, 'Manage hall', 'Manage Hall', '', '', '', '', '', '', '', '', '', '', '', '', '', '', '', '', '', '', '', '', 0, 0, 0),
(1486, 'Manage room', 'Manage Room', '', '', '', '', '', '', '', '', '', '', '', '', '', '', '', '', '', '', '', '', 0, 0, 0),
(1487, 'room_name', 'Room Name', '', '', '', '', '', '', '', '', '', '', '', '', '', '', '', '', '', '', '', '', 0, 0, 0),
(1488, '1 reserved rooms', '1 Reserved Rooms', '', '', '', '', '', '', '', '', '', '', '', '', '', '', '', '', '', '', '', '', 0, 0, 0),
(1489, '1 - reserved rooms', '1 - Reserved Rooms', '', '', '', '', '', '', '', '', '', '', '', '', '', '', '', '', '', '', '', '', 0, 0, 0),
(1490, 'view reservations', 'View Reservations', '', '', '', '', '', '', '', '', '', '', '', '', '', '', '', '', '', '', '', '', 0, 0, 0),
(1491, 'make reservations', 'Make Reservations', '', '', '', '', '', '', '', '', '', '', '', '', '', '', '', '', '', '', '', '', 0, 0, 0),
(1492, '1 - reserved halls', '1 - Reserved Halls', '', '', '', '', '', '', '', '', '', '', '', '', '', '', '', '', '', '', '', '', 0, 0, 0),
(1493, 'roomcreate reservation', 'Roomcreate Reservation', '', '', '', '', '', '', '', '', '', '', '', '', '', '', '', '', '', '', '', '', 0, 0, 0),
(1494, 'roomcreate reservation', 'Roomcreate Reservation', '', '', '', '', '', '', '', '', '', '', '', '', '', '', '', '', '', '', '', '', 0, 0, 0),
(1495, 'booked successfully', 'Booked Successfully', '', '', '', '', '', '', '', '', '', '', '', '', '', '', '', '', '', '', '', '', 0, 0, 0),
(1496, 'Administrators', 'Administrators', '', '', '', '', '', '', '', '', '', '', '', '', '', '', '', '', '', '', '', '', 0, 0, 0),
(1497, 'reserved room(s)', 'Reserved Room(s)', '', '', '', '', '', '', '', '', '', '', '', '', '', '', '', '', '', '', '', '', 0, 0, 0),
(1498, '1 - halls', '1 - Halls', '', '', '', '', '', '', '', '', '', '', '', '', '', '', '', '', '', '', '', '', 0, 0, 0),
(1499, 'reserved hall(s)', 'Reserved Hall(s)', '', '', '', '', '', '', '', '', '', '', '', '', '', '', '', '', '', '', '', '', 0, 0, 0),
(1500, '1 - rooms', '1 - Rooms', '', '', '', '', '', '', '', '', '', '', '', '', '', '', '', '', '', '', '', '', 0, 0, 0),
(1501, 'create reservation', 'Create Reservation', '', '', '', '', '', '', '', '', '', '', '', '', '', '', '', '', '', '', '', '', 0, 0, 0),
(1502, 'create reservation', 'Create Reservation', '', '', '', '', '', '', '', '', '', '', '', '', '', '', '', '', '', '', '', '', 0, 0, 0),
(1503, 'total payment made', 'Total Payment Made', '', '', '', '', '', '', '', '', '', '', '', '', '', '', '', '', '', '', '', '', 0, 0, 0),
(1504, 'reservations', 'Reservations', '', '', '', '', '', '', '', '', '', '', '', '', '', '', '', '', '', '', '', '', 0, 0, 0),
(1505, 'hall reservations', 'Hall Reservations', '', '', '', '', '', '', '', '', '', '', '', '', '', '', '', '', '', '', '', '', 0, 0, 0),
(1506, 'room reservations', 'Room Reservations', '', '', '', '', '', '', '', '', '', '', '', '', '', '', '', '', '', '', '', '', 0, 0, 0),
(1507, 'expired booked eventss', 'Expired Booked Eventss', '', '', '', '', '', '', '', '', '', '', '', '', '', '', '', '', '', '', '', '', 0, 0, 0),
(1508, 'booked hall', 'Booked Hall', '', '', '', '', '', '', '', '', '', '', '', '', '', '', '', '', '', '', '', '', 0, 0, 0),
(1509, 'expired booked hall', 'Expired Booked Hall', '', '', '', '', '', '', '', '', '', '', '', '', '', '', '', '', '', '', '', '', 0, 0, 0),
(1510, 'booked room', 'Booked Room', '', '', '', '', '', '', '', '', '', '', '', '', '', '', '', '', '', '', '', '', 0, 0, 0),
(1511, 'expired booked room', 'Expired Booked Room', '', '', '', '', '', '', '', '', '', '', '', '', '', '', '', '', '', '', '', '', 0, 0, 0),
(1512, 'specializations', 'Specializations', '', '', '', '', '', '', '', '', '', '', '', '', '', '', '', '', '', '', '', '', 0, 0, 0),
(1513, 'book appointment', 'Book Appointment', '', '', '', '', '', '', '', '', '', '', '', '', '', '', '', '', '', '', '', '', 0, 0, 0),
(1514, 'Appointment', 'Appointment', '', '', '', '', '', '', '', '', '', '', '', '', '', '', '', '', '', '', '', '', 0, 0, 0),
(1515, 'Book Appointment', 'Book Appointment', '', '', '', '', '', '', '', '', '', '', '', '', '', '', '', '', '', '', '', '', 0, 0, 0),
(1516, 'appointment type', 'Appointment Type', '', '', '', '', '', '', '', '', '', '', '', '', '', '', '', '', '', '', '', '', 0, 0, 0),
(1517, 'purpose of appointment', 'Purpose Of Appointment', '', '', '', '', '', '', '', '', '', '', '', '', '', '', '', '', '', '', '', '', 0, 0, 0),
(1518, 'availabe staff', 'Availabe Staff', '', '', '', '', '', '', '', '', '', '', '', '', '', '', '', '', '', '', '', '', 0, 0, 0),
(1519, 'first appointment date', 'First Appointment Date', '', '', '', '', '', '', '', '', '', '', '', '', '', '', '', '', '', '', '', '', 0, 0, 0),
(1520, 'second appointment date', 'Second Appointment Date', '', '', '', '', '', '', '', '', '', '', '', '', '', '', '', '', '', '', '', '', 0, 0, 0),
(1521, 'Appointment Type', 'Appointment Type', '', '', '', '', '', '', '', '', '', '', '', '', '', '', '', '', '', '', '', '', 0, 0, 0),
(1522, 'Appointment Type', 'Appointment Type', '', '', '', '', '', '', '', '', '', '', '', '', '', '', '', '', '', '', '', '', 0, 0, 0),
(1523, 'select purpose of appointment', 'Select Purpose Of Appointment', '', '', '', '', '', '', '', '', '', '', '', '', '', '', '', '', '', '', '', '', 0, 0, 0),
(1524, 'available staff', 'Available Staff', '', '', '', '', '', '', '', '', '', '', '', '', '', '', '', '', '', '', '', '', 0, 0, 0),
(1525, 'Comment/Special Instruction', 'Comment/Special Instruction', '', '', '', '', '', '', '', '', '', '', '', '', '', '', '', '', '', '', '', '', 0, 0, 0),
(1526, 'First Appointment Date Required', 'First Appointment Date Required', '', '', '', '', '', '', '', '', '', '', '', '', '', '', '', '', '', '', '', '', 0, 0, 0),
(1527, 'Select First Appointment Time', 'Select First Appointment Time', '', '', '', '', '', '', '', '', '', '', '', '', '', '', '', '', '', '', '', '', 0, 0, 0),
(1528, 'appointment successfully', 'Appointment Successfully', '', '', '', '', '', '', '', '', '', '', '', '', '', '', '', '', '', '', '', '', 0, 0, 0),
(1529, 'calendar', 'Calendar', '', '', '', '', '', '', '', '', '', '', '', '', '', '', '', '', '', '', '', '', 0, 0, 0),
(1530, 'view appointments', 'View Appointments', '', '', '', '', '', '', '', '', '', '', '', '', '', '', '', '', '', '', '', '', 0, 0, 0),
(1531, 'manage_categories', 'Manage Categories', '', '', '', '', '', '', '', '', '', '', '', '', '', '', '', '', '', '', '', '', 0, 0, 0),
(1532, 'manage_specialization', 'Manage Specialization', '', '', '', '', '', '', '', '', '', '', '', '', '', '', '', '', '', '', '', '', 0, 0, 0),
(1533, 'specialization_list', 'Specialization List', '', '', '', '', '', '', '', '', '', '', '', '', '', '', '', '', '', '', '', '', 0, 0, 0),
(1534, 'add_new specialization', 'Add New Specialization', '', '', '', '', '', '', '', '', '', '', '', '', '', '', '', '', '', '', '', '', 0, 0, 0),
(1535, 'specialization_name', 'Specialization Name', '', '', '', '', '', '', '', '', '', '', '', '', '', '', '', '', '', '', '', '', 0, 0, 0),
(1536, 'Specialization', 'Specialization', '', '', '', '', '', '', '', '', '', '', '', '', '', '', '', '', '', '', '', '', 0, 0, 0),
(1537, 'product & services', 'Product & Services', '', '', '', '', '', '', '', '', '', '', '', '', '', '', '', '', '', '', '', '', 0, 0, 0),
(1538, 'products and services', 'Products And Services', '', '', '', '', '', '', '', '', '', '', '', '', '', '', '', '', '', '', '', '', 0, 0, 0),
(1539, 'add_new product/service', 'Add New Product/service', '', '', '', '', '', '', '', '', '', '', '', '', '', '', '', '', '', '', '', '', 0, 0, 0),
(1540, 'specialization', 'Specialization', '', '', '', '', '', '', '', '', '', '', '', '', '', '', '', '', '', '', '', '', 0, 0, 0),
(1541, 'Product/Service', 'Product/Service', '', '', '', '', '', '', '', '', '', '', '', '', '', '', '', '', '', '', '', '', 0, 0, 0),
(1542, 'manage product & services', 'Manage Product & Services', '', '', '', '', '', '', '', '', '', '', '', '', '', '', '', '', '', '', '', '', 0, 0, 0),
(1543, 'manage product & services', 'Manage Product & Services', '', '', '', '', '', '', '', '', '', '', '', '', '', '', '', '', '', '', '', '', 0, 0, 0),
(1544, '0 - halls', '0 - Halls', '', '', '', '', '', '', '', '', '', '', '', '', '', '', '', '', '', '', '', '', 0, 0, 0),
(1545, 'manage_appointments', 'Manage Appointments', '', '', '', '', '', '', '', '', '', '', '', '', '', '', '', '', '', '', '', '', 0, 0, 0),
(1546, 'view_appointments', 'View Appointments', '', '', '', '', '', '', '', '', '', '', '', '', '', '', '', '', '', '', '', '', 0, 0, 0),
(1547, 'appointments(s)', 'Appointments(s)', '', '', '', '', '', '', '', '', '', '', '', '', '', '', '', '', '', '', '', '', 0, 0, 0),
(1548, 'booked appointments', 'Booked Appointments', '', '', '', '', '', '', '', '', '', '', '', '', '', '', '', '', '', '', '', '', 0, 0, 0),
(1549, 'expired booked appointments', 'Expired Booked Appointments', '', '', '', '', '', '', '', '', '', '', '', '', '', '', '', '', '', '', '', '', 0, 0, 0),
(1550, 'client id', 'Client Id', '', '', '', '', '', '', '', '', '', '', '', '', '', '', '', '', '', '', '', '', 0, 0, 0),
(1551, 'client id', 'Client Id', '', '', '', '', '', '', '', '', '', '', '', '', '', '', '', '', '', '', '', '', 0, 0, 0),
(1552, 'Make Payment', 'Make Payment', '', '', '', '', '', '', '', '', '', '', '', '', '', '', '', '', '', '', '', '', 0, 0, 0),
(1553, 'customer', 'Customer', '', '', '', '', '', '', '', '', '', '', '', '', '', '', '', '', '', '', '', '', 0, 0, 0),
(1554, 'select customer', 'Select Customer', '', '', '', '', '', '', '', '', '', '', '', '', '', '', '', '', '', '', '', '', 0, 0, 0),
(1555, 'products/Services', 'Products/Services', '', '', '', '', '', '', '', '', '', '', '', '', '', '', '', '', '', '', '', '', 0, 0, 0),
(1556, 'select Product/Service', 'Select Product/Service', '', '', '', '', '', '', '', '', '', '', '', '', '', '', '', '', '', '', '', '', 0, 0, 0),
(1557, 'category', 'Category', '', '', '', '', '', '', '', '', '', '', '', '', '', '', '', '', '', '', '', '', 0, 0, 0),
(1558, 'select category', 'Select Category', '', '', '', '', '', '', '', '', '', '', '', '', '', '', '', '', '', '', '', '', 0, 0, 0),
(1559, 'select Product/Service to display amount', 'Select Product/Service To Display Amount', '', '', '', '', '', '', '', '', '', '', '', '', '', '', '', '', '', '', '', '', 0, 0, 0),
(1560, 'Quantity/Unit', 'Quantity/Unit', '', '', '', '', '', '', '', '', '', '', '', '', '', '', '', '', '', '', '', '', 0, 0, 0),
(1561, 'enter unit', 'Enter Unit', '', '', '', '', '', '', '', '', '', '', '', '', '', '', '', '', '', '', '', '', 0, 0, 0),
(1562, 'Comment', 'Comment', '', '', '', '', '', '', '', '', '', '', '', '', '', '', '', '', '', '', '', '', 0, 0, 0),
(1563, 'pay', 'Pay', '', '', '', '', '', '', '', '', '', '', '', '', '', '', '', '', '', '', '', '', 0, 0, 0),
(1564, 'add to list', 'Add To List', '', '', '', '', '', '', '', '', '', '', '', '', '', '', '', '', '', '', '', '', 0, 0, 0),
(1565, 'type', 'Type', '', '', '', '', '', '', '', '', '', '', '', '', '', '', '', '', '', '', '', '', 0, 0, 0),
(1566, 'Type', 'Type', '', '', '', '', '', '', '', '', '', '', '', '', '', '', '', '', '', '', '', '', 0, 0, 0),
(1567, 'Type', 'Type', '', '', '', '', '', '', '', '', '', '', '', '', '', '', '', '', '', '', '', '', 0, 0, 0),
(1568, 'sms & email settings', 'Sms & Email Settings', '', '', '', '', '', '', '', '', '', '', '', '', '', '', '', '', '', '', '', '', 0, 0, 0),
(1569, 'Make Payments', 'Make Payments', '', '', '', '', '', '', '', '', '', '', '', '', '', '', '', '', '', '', '', '', 0, 0, 0),
(1570, 'View Payments', 'View Payments', '', '', '', '', '', '', '', '', '', '', '', '', '', '', '', '', '', '', '', '', 0, 0, 0),
(1571, 'settings', 'Settings', '', '', '', '', '', '', '', '', '', '', '', '', '', '', '', '', '', '', '', '', 0, 0, 0),
(1572, 'send sms on booking', 'Send Sms On Booking', '', '', '', '', '', '', '', '', '', '', '', '', '', '', '', '', '', '', '', '', 0, 0, 0),
(1573, 'sms', 'Sms', '', '', '', '', '', '', '', '', '', '', '', '', '', '', '', '', '', '', '', '', 0, 0, 0),
(1574, 'send email on booking', 'Send Email On Booking', '', '', '', '', '', '', '', '', '', '', '', '', '', '', '', '', '', '', '', '', 0, 0, 0),
(1575, 'appointment reminder', 'Appointment Reminder', '', '', '', '', '', '', '', '', '', '', '', '', '', '', '', '', '', '', '', '', 0, 0, 0),
(1576, 'email appointment reminder', 'Email Appointment Reminder', '', '', '', '', '', '', '', '', '', '', '', '', '', '', '', '', '', '', '', '', 0, 0, 0),
(1577, 'receipt', 'Receipt', '', '', '', '', '', '', '', '', '', '', '', '', '', '', '', '', '', '', '', '', 0, 0, 0),
(1578, 'Manage Offers/Promos', 'Manage Offers/Promos', '', '', '', '', '', '', '', '', '', '', '', '', '', '', '', '', '', '', '', '', 0, 0, 0),
(1579, 'Offers/Promos', 'Offers/Promos', '', '', '', '', '', '', '', '', '', '', '', '', '', '', '', '', '', '', '', '', 0, 0, 0),
(1580, 'type of offer/promo', 'Type Of Offer/promo', '', '', '', '', '', '', '', '', '', '', '', '', '', '', '', '', '', '', '', '', 0, 0, 0),
(1581, 'number of days interval', 'Number Of Days Interval', '', '', '', '', '', '', '', '', '', '', '', '', '', '', '', '', '', '', '', '', 0, 0, 0),
(1582, 'number of sign-in', 'Number Of Sign-in', '', '', '', '', '', '', '', '', '', '', '', '', '', '', '', '', '', '', '', '', 0, 0, 0),
(1583, 'offer start date', 'Offer Start Date', '', '', '', '', '', '', '', '', '', '', '', '', '', '', '', '', '', '', '', '', 0, 0, 0),
(1584, 'select start date', 'Select Start Date', '', '', '', '', '', '', '', '', '', '', '', '', '', '', '', '', '', '', '', '', 0, 0, 0),
(1585, 'offer end date', 'Offer End Date', '', '', '', '', '', '', '', '', '', '', '', '', '', '', '', '', '', '', '', '', 0, 0, 0),
(1586, 'select end date', 'Select End Date', '', '', '', '', '', '', '', '', '', '', '', '', '', '', '', '', '', '', '', '', 0, 0, 0),
(1587, 'Discount (%)', 'Discount (%)', '', '', '', '', '', '', '', '', '', '', '', '', '', '', '', '', '', '', '', '', 0, 0, 0),
(1588, 'Target', 'Target', '', '', '', '', '', '', '', '', '', '', '', '', '', '', '', '', '', '', '', '', 0, 0, 0),
(1589, 'Send SMS', 'Send SMS', '', '', '', '', '', '', '', '', '', '', '', '', '', '', '', '', '', '', '', '', 0, 0, 0),
(1590, '', '', '', '', '', '', '', '', '', '', '', '', '', '', '', '', '', '', '', '', '', '', 0, 0, 0),
(1591, 'Enter Message to send to customer phones', 'Enter Message To Send To Customer Phones', '', '', '', '', '', '', '', '', '', '', '', '', '', '', '', '', '', '', '', '', 0, 0, 0),
(1592, 'Create Offer/Promo', 'Create Offer/Promo', '', '', '', '', '', '', '', '', '', '', '', '', '', '', '', '', '', '', '', '', 0, 0, 0),
(1593, '', '', '', '', '', '', '', '', '', '', '', '', '', '', '', '', '', '', '', '', '', '', 0, 0, 0),
(1594, 'Enter SMS to send to customer phones', 'Enter SMS To Send To Customer Phones', '', '', '', '', '', '', '', '', '', '', '', '', '', '', '', '', '', '', '', '', 0, 0, 0),
(1595, 'Send Email', 'Send Email', '', '', '', '', '', '', '', '', '', '', '', '', '', '', '', '', '', '', '', '', 0, 0, 0),
(1596, 'Enter E-mail to send to customer phones', 'Enter E-mail To Send To Customer Phones', '', '', '', '', '', '', '', '', '', '', '', '', '', '', '', '', '', '', '', '', 0, 0, 0),
(1597, 'Offer/Promo Name', 'Offer/Promo Name', '', '', '', '', '', '', '', '', '', '', '', '', '', '', '', '', '', '', '', '', 0, 0, 0),
(1598, 'Enter Name', 'Enter Name', '', '', '', '', '', '', '', '', '', '', '', '', '', '', '', '', '', '', '', '', 0, 0, 0),
(1599, 'number of sign-in to qualify', 'Number Of Sign-in To Qualify', '', '', '', '', '', '', '', '', '', '', '', '', '', '', '', '', '', '', '', '', 0, 0, 0),
(1600, 'number of sign-in to qualify', 'Number Of Sign-in To Qualify', '', '', '', '', '', '', '', '', '', '', '', '', '', '', '', '', '', '', '', '', 0, 0, 0),
(1601, 's/n', 'S/n', '', '', '', '', '', '', '', '', '', '', '', '', '', '', '', '', '', '', '', '', 0, 0, 0),
(1602, 'List of Promos/Services', 'List Of Promos/Services', '', '', '', '', '', '', '', '', '', '', '', '', '', '', '', '', '', '', '', '', 0, 0, 0),
(1603, 'status', 'Status', '', '', '', '', '', '', '', '', '', '', '', '', '', '', '', '', '', '', '', '', 0, 0, 0),
(1604, 'Delete', 'Delete', '', '', '', '', '', '', '', '', '', '', '', '', '', '', '', '', '', '', '', '', 0, 0, 0),
(1605, 'payment history', 'Payment History', '', '', '', '', '', '', '', '', '', '', '', '', '', '', '', '', '', '', '', '', 0, 0, 0),
(1606, 'Product/Services', 'Product/Services', '', '', '', '', '', '', '', '', '', '', '', '', '', '', '', '', '', '', '', '', 0, 0, 0),
(1607, 'quantity', 'Quantity', '', '', '', '', '', '', '', '', '', '', '', '', '', '', '', '', '', '', '', '', 0, 0, 0),
(1608, 'discount', 'Discount', '', '', '', '', '', '', '', '', '', '', '', '', '', '', '', '', '', '', '', '', 0, 0, 0),
(1609, 'staffs', 'Staffs', '', '', '', '', '', '', '', '', '', '', '', '', '', '', '', '', '', '', '', '', 0, 0, 0),
(1610, 'Remark', 'Remark', '', '', '', '', '', '', '', '', '', '', '', '', '', '', '', '', '', '', '', '', 0, 0, 0),
(1611, 'Expenditures', 'Expenditures', '', '', '', '', '', '', '', '', '', '', '', '', '', '', '', '', '', '', '', '', 0, 0, 0),
(1612, 'enter name', 'Enter Name', '', '', '', '', '', '', '', '', '', '', '', '', '', '', '', '', '', '', '', '', 0, 0, 0),
(1613, 'enter amount', 'Enter Amount', '', '', '', '', '', '', '', '', '', '', '', '', '', '', '', '', '', '', '', '', 0, 0, 0),
(1614, 'Remark', 'Remark', '', '', '', '', '', '', '', '', '', '', '', '', '', '', '', '', '', '', '', '', 0, 0, 0),
(1615, 'Save', 'Save', '', '', '', '', '', '', '', '', '', '', '', '', '', '', '', '', '', '', '', '', 0, 0, 0),
(1616, 'Sign In/Out', 'Sign In/Out', '', '', '', '', '', '', '', '', '', '', '', '', '', '', '', '', '', '', '', '', 0, 0, 0),
(1617, 'Add to Sign In', 'Add To Sign In', '', '', '', '', '', '', '', '', '', '', '', '', '', '', '', '', '', '', '', '', 0, 0, 0),
(1618, 'Surname', 'Surname', '', '', '', '', '', '', '', '', '', '', '', '', '', '', '', '', '', '', '', '', 0, 0, 0),
(1619, 'First Name', 'First Name', '', '', '', '', '', '', '', '', '', '', '', '', '', '', '', '', '', '', '', '', 0, 0, 0),
(1620, 'Email', 'Email', '', '', '', '', '', '', '', '', '', '', '', '', '', '', '', '', '', '', '', '', 0, 0, 0),
(1621, 'Phone', 'Phone', '', '', '', '', '', '', '', '', '', '', '', '', '', '', '', '', '', '', '', '', 0, 0, 0),
(1622, 'Address', 'Address', '', '', '', '', '', '', '', '', '', '', '', '', '', '', '', '', '', '', '', '', 0, 0, 0),
(1623, 'sign in', 'Sign In', '', '', '', '', '', '', '', '', '', '', '', '', '', '', '', '', '', '', '', '', 0, 0, 0),
(1624, 'Sign-in Customers', 'Sign-in Customers', '', '', '', '', '', '', '', '', '', '', '', '', '', '', '', '', '', '', '', '', 0, 0, 0),
(1625, 'sign in staff', 'Sign In Staff', '', '', '', '', '', '', '', '', '', '', '', '', '', '', '', '', '', '', '', '', 0, 0, 0),
(1626, 'sign-in time', 'Sign-in Time', '', '', '', '', '', '', '', '', '', '', '', '', '', '', '', '', '', '', '', '', 0, 0, 0),
(1627, 'sign-out time', 'Sign-out Time', '', '', '', '', '', '', '', '', '', '', '', '', '', '', '', '', '', '', '', '', 0, 0, 0),
(1628, 'option', 'Option', '', '', '', '', '', '', '', '', '', '', '', '', '', '', '', '', '', '', '', '', 0, 0, 0),
(1629, 'sign-In time', 'Sign-In Time', '', '', '', '', '', '', '', '', '', '', '', '', '', '', '', '', '', '', '', '', 0, 0, 0),
(1630, 'sign-Out time', 'Sign-Out Time', '', '', '', '', '', '', '', '', '', '', '', '', '', '', '', '', '', '', '', '', 0, 0, 0),
(1631, 'write_new_message', 'Write New Message', '', '', '', '', '', '', '', '', '', '', '', '', '', '', '', '', '', '', '', '', 0, 0, 0),
(1632, 'recipient', 'Recipient', '', '', '', '', '', '', '', '', '', '', '', '', '', '', '', '', '', '', '', '', 0, 0, 0),
(1633, 'select_a_user', 'Select A User', '', '', '', '', '', '', '', '', '', '', '', '', '', '', '', '', '', '', '', '', 0, 0, 0),
(1634, 'student', 'Student', '', '', '', '', '', '', '', '', '', '', '', '', '', '', '', '', '', '', '', '', 0, 0, 0),
(1635, 'Messages', 'Messages', '', '', '', '', '', '', '', '', '', '', '', '', '', '', '', '', '', '', '', '', 0, 0, 0),
(1636, 'Send SMS/Emails', 'Send SMS/Emails', '', '', '', '', '', '', '', '', '', '', '', '', '', '', '', '', '', '', '', '', 0, 0, 0),
(1637, 'Sent Messages', 'Sent Messages', '', '', '', '', '', '', '', '', '', '', '', '', '', '', '', '', '', '', '', '', 0, 0, 0),
(1638, 'write_your_message', 'Write Your Message', '', '', '', '', '', '', '', '', '', '', '', '', '', '', '', '', '', '', '', '', 0, 0, 0),
(1639, 'send', 'Send', '', '', '', '', '', '', '', '', '', '', '', '', '', '', '', '', '', '', '', '', 0, 0, 0),
(1640, 'message_sent!', 'Message Sent!', '', '', '', '', '', '', '', '', '', '', '', '', '', '', '', '', '', '', '', '', 0, 0, 0),
(1641, 'approximate', 'Approximate', '', '', '', '', '', '', '', '', '', '', '', '', '', '', '', '', '', '', '', '', 0, 0, 0),
(1642, 'members_default_password', 'Members Default Password', '', '', '', '', '', '', '', '', '', '', '', '', '', '', '', '', '', '', '', '', 0, 0, 0),
(1643, 'reply_message', 'Reply Message', '', '', '', '', '', '', '', '', '', '', '', '', '', '', '', '', '', '', '', '', 0, 0, 0),
(1644, 'sent_messages', 'Sent Messages', '', '', '', '', '', '', '', '', '', '', '', '', '', '', '', '', '', '', '', '', 0, 0, 0),
(1645, 'sender ID', 'Sender ID', '', '', '', '', '', '', '', '', '', '', '', '', '', '', '', '', '', '', '', '', 0, 0, 0),
(1646, 'Appointments', 'Appointments', '', '', '', '', '', '', '', '', '', '', '', '', '', '', '', '', '', '', '', '', 0, 0, 0),
(1647, 'Select Login Type?', 'Select Login Type?', '', '', '', '', '', '', '', '', '', '', '', '', '', '', '', '', '', '', '', '', 0, 0, 0),
(1648, 'Select Login type?', 'Select Login Type?', '', '', '', '', '', '', '', '', '', '', '', '', '', '', '', '', '', '', '', '', 0, 0, 0),
(1649, 'Username', 'Username', '', '', '', '', '', '', '', '', '', '', '', '', '', '', '', '', '', '', '', '', 0, 0, 0),
(1650, 'Password', 'Password', '', '', '', '', '', '', '', '', '', '', '', '', '', '', '', '', '', '', '', '', 0, 0, 0),
(1651, 'State', 'State', '', '', '', '', '', '', '', '', '', '', '', '', '', '', '', '', '', '', '', '', 0, 0, 0),
(1652, 'Country', 'Country', '', '', '', '', '', '', '', '', '', '', '', '', '', '', '', '', '', '', '', '', 0, 0, 0),
(1653, 'Email/Phone', 'Email/Phone', '', '', '', '', '', '', '', '', '', '', '', '', '', '', '', '', '', '', '', '', 0, 0, 0),
(1654, 're-print', 'Re-print', '', '', '', '', '', '', '', '', '', '', '', '', '', '', '', '', '', '', '', '', 0, 0, 0),
(1655, 'view', 'View', '', '', '', '', '', '', '', '', '', '', '', '', '', '', '', '', '', '', '', '', 0, 0, 0),
(1656, 'sign-out', 'Sign-out', '', '', '', '', '', '', '', '', '', '', '', '', '', '', '', '', '', '', '', '', 0, 0, 0),
(1657, 'Members Registration', 'Members Registration', '', '', '', '', '', '', '', '', '', '', '', '', '', '', '', '', '', '', '', '', 0, 0, 0),
(1658, 'register', 'Register', '', '', '', '', '', '', '', '', '', '', '', '', '', '', '', '', '', '', '', '', 0, 0, 0),
(1659, 'Register', 'Register', '', '', '', '', '', '', '', '', '', '', '', '', '', '', '', '', '', '', '', '', 0, 0, 0),
(1660, 'promo created successfully', 'Promo Created Successfully', '', '', '', '', '', '', '', '', '', '', '', '', '', '', '', '', '', '', '', '', 0, 0, 0);

-- --------------------------------------------------------

--
-- Table structure for table `message`
--

CREATE TABLE IF NOT EXISTS `message` (
`message_id` int(11) NOT NULL,
  `message_thread_code` longtext NOT NULL,
  `message` longtext NOT NULL,
  `sender` longtext NOT NULL,
  `timestamp` longtext NOT NULL,
  `read_status` int(11) NOT NULL DEFAULT '0' COMMENT '0 unread 1 read',
  `dirty` tinyint(4) NOT NULL DEFAULT '0',
  `deleted` tinyint(4) NOT NULL DEFAULT '0',
  `rowversion` bigint(20) NOT NULL DEFAULT '0'
) ENGINE=MyISAM AUTO_INCREMENT=12 DEFAULT CHARSET=latin1;

--
-- Dumping data for table `message`
--

INSERT INTO `message` (`message_id`, `message_thread_code`, `message`, `sender`, `timestamp`, `read_status`, `dirty`, `deleted`, `rowversion`) VALUES
(1, 'ae6139ce323e8c9', '<p>ddd</p>\r\n', '1', '1479111922', 1, 0, 0, 0),
(2, 'ae6139ce323e8c9', 'h', 'admin-1', '1479817862', 0, 0, 0, 0),
(3, 'bf6603931c5897e', '', '1', '1479817895', 1, 0, 0, 0),
(4, '9b244164235948a', '', '1', '1479817895', 1, 0, 0, 0),
(5, 'bf6603931c5897e', '<p>me</p>\r\n', '1', '1479817946', 1, 0, 0, 0),
(6, '6c0ef3b2b27bb05', '<p>Yahaya Usman Ndako</p>\r\n', '1', '1479820749', 1, 0, 0, 0),
(7, '9b244164235948a', '<p>070346347170703463471707034634717</p>\r\n', '1', '1479821105', 0, 0, 0, 0),
(8, 'c78b281d464f3be', '<p>070346347170703463471707034634717</p>\r\n', '1', '1479821105', 0, 0, 0, 0),
(9, 'bf6603931c5897e', '<p>h<span style="color:#ff0000">ell</span>o</p>\r\n\r\n<p>&nbsp;</p>\r\n\r\n<p>&nbsp;</p>\r\n\r\n<p><strong>how are</strong> you <sub>doing</sub></p>\r\n\r\n<p>&nbsp;</p>\r\n\r\n<p>&nbsp;</p>\r\n\r\n<p>&nbsp;</p>\r\n\r\n<p>&nbsp;</p>\r\n', '1', '1479821198', 1, 0, 0, 0),
(10, '6c0ef3b2b27bb05', '<p>h<span style="color:#ff0000">ell</span>o</p>\r\n\r\n<p>&nbsp;</p>\r\n\r\n<p>&nbsp;</p>\r\n\r\n<p><strong>how are</strong> you <sub>doing</sub></p>\r\n\r\n<p>&nbsp;</p>\r\n\r\n<p>&nbsp;</p>\r\n\r\n<p>&nbsp;</p>\r\n\r\n<p>&nbsp;</p>\r\n', '1', '1479821198', 0, 0, 0, 0),
(11, 'bf6603931c5897e', '<p>mz</p>\r\n\r\n<p>abdul</p>\r\n', '1', '1479821389', 1, 0, 0, 0);

-- --------------------------------------------------------

--
-- Table structure for table `message_thread`
--

CREATE TABLE IF NOT EXISTS `message_thread` (
`message_thread_id` int(11) NOT NULL,
  `message_thread_code` longtext COLLATE utf8_unicode_ci NOT NULL,
  `sender` longtext COLLATE utf8_unicode_ci NOT NULL,
  `reciever` longtext COLLATE utf8_unicode_ci NOT NULL,
  `last_message_timestamp` longtext COLLATE utf8_unicode_ci NOT NULL,
  `dirty` tinyint(4) NOT NULL DEFAULT '0',
  `deleted` tinyint(4) NOT NULL DEFAULT '0',
  `rowversion` bigint(20) NOT NULL DEFAULT '0'
) ENGINE=InnoDB AUTO_INCREMENT=6 DEFAULT CHARSET=utf8 COLLATE=utf8_unicode_ci;

--
-- Dumping data for table `message_thread`
--

INSERT INTO `message_thread` (`message_thread_id`, `message_thread_code`, `sender`, `reciever`, `last_message_timestamp`, `dirty`, `deleted`, `rowversion`) VALUES
(1, 'ae6139ce323e8c9', '1', '4', '', 0, 0, 0),
(2, 'bf6603931c5897e', '1', '2', '', 0, 0, 0),
(3, '9b244164235948a', '1', '6', '', 0, 0, 0),
(4, '6c0ef3b2b27bb05', '1', '3', '', 0, 0, 0),
(5, 'c78b281d464f3be', '1', '9', '', 0, 0, 0);

-- --------------------------------------------------------

--
-- Table structure for table `noticeboard`
--

CREATE TABLE IF NOT EXISTS `noticeboard` (
`notice_id` int(11) NOT NULL,
  `notice_title` longtext COLLATE utf8_unicode_ci NOT NULL,
  `notice` longtext COLLATE utf8_unicode_ci NOT NULL,
  `create_timestamp` int(11) NOT NULL,
  `categories` longtext COLLATE utf8_unicode_ci NOT NULL,
  `dirty` tinyint(4) NOT NULL DEFAULT '0',
  `deleted` tinyint(4) NOT NULL DEFAULT '0',
  `rowversion` bigint(20) NOT NULL DEFAULT '0'
) ENGINE=MyISAM DEFAULT CHARSET=utf8 COLLATE=utf8_unicode_ci;

-- --------------------------------------------------------

--
-- Table structure for table `promo`
--

CREATE TABLE IF NOT EXISTS `promo` (
`id` int(11) NOT NULL,
  `name` varchar(100) NOT NULL,
  `type` varchar(50) DEFAULT NULL,
  `discount` int(11) DEFAULT NULL,
  `start_date` date DEFAULT NULL,
  `end_date` date DEFAULT NULL,
  `sign_in` int(11) NOT NULL DEFAULT '0',
  `days` int(11) NOT NULL DEFAULT '0',
  `total_amount` decimal(10,2) NOT NULL,
  `date` datetime NOT NULL,
  `active` int(11) NOT NULL DEFAULT '1',
  `deleted` int(11) NOT NULL DEFAULT '0',
  `target` int(11) NOT NULL DEFAULT '0',
  `products` varchar(1000) NOT NULL DEFAULT ''
) ENGINE=InnoDB AUTO_INCREMENT=9 DEFAULT CHARSET=latin1;

--
-- Dumping data for table `promo`
--

INSERT INTO `promo` (`id`, `name`, `type`, `discount`, `start_date`, `end_date`, `sign_in`, `days`, `total_amount`, `date`, `active`, `deleted`, `target`, `products`) VALUES
(1, 'mzndako', 'Specific Period', 10, '0000-00-00', '0000-00-00', 0, 0, '0.00', '2016-11-11 17:56:14', 0, 1, 0, ''),
(2, 'mz', 'Specific Period', 10, '2016-11-11', '2016-11-13', 0, 0, '0.00', '2016-11-11 17:59:35', 1, 0, 0, ''),
(3, 'mz', 'Specific Period', 36, '2016-11-11', '2016-11-13', 0, 0, '0.00', '2016-11-11 18:06:07', 1, 1, 0, ''),
(4, 'mzeeeee', 'Regular Customer', 30, '2016-10-02', '2016-12-11', 3, 34, '0.00', '2016-11-11 18:50:03', 1, 0, 1, '1,1'),
(5, 'Mine', 'Specific Period', 31, '2016-11-12', '2016-11-12', 0, 0, '0.00', '2016-11-12 13:11:55', 1, 0, 1, '1'),
(6, 'mzee ndako', 'Regular Customers', 37, '2016-11-11', '2016-11-18', 2, 3, '0.00', '2016-11-12 13:15:39', 0, 1, 0, ''),
(7, 'test', 'Regular Customers', 30, '2016-11-22', '2016-12-22', 3, 30, '0.00', '2016-11-22 12:57:15', 1, 0, 1, '1,6,6'),
(8, 'Mz', 'Specific Period', 30, '2016-11-22', '2016-12-22', 0, 0, '0.00', '2016-11-22 16:08:37', 1, 0, 0, '');

-- --------------------------------------------------------

--
-- Table structure for table `promo_regular`
--

CREATE TABLE IF NOT EXISTS `promo_regular` (
`id` int(11) NOT NULL,
  `user_id` int(11) NOT NULL,
  `promo_id` int(11) NOT NULL,
  `sign_out` int(11) NOT NULL,
  `max` int(11) NOT NULL,
  `date` date NOT NULL
) ENGINE=InnoDB AUTO_INCREMENT=6 DEFAULT CHARSET=latin1;

--
-- Dumping data for table `promo_regular`
--

INSERT INTO `promo_regular` (`id`, `user_id`, `promo_id`, `sign_out`, `max`, `date`) VALUES
(1, 2, 6, 0, 2, '2016-11-14'),
(2, 9, 6, 1, 3, '2016-11-14'),
(3, 0, 6, 1, 3, '2016-11-14'),
(4, 6, 7, 1, 30, '2016-11-22'),
(5, 2, 7, 1, 30, '2016-11-23');

-- --------------------------------------------------------

--
-- Table structure for table `sent_mail`
--

CREATE TABLE IF NOT EXISTS `sent_mail` (
`id` int(11) NOT NULL,
  `staff_id` int(11) NOT NULL,
  `user_id` int(11) NOT NULL DEFAULT '0',
  `subject` varchar(20) NOT NULL,
  `message` text NOT NULL,
  `recipients` varchar(500) NOT NULL,
  `status` varchar(100) NOT NULL DEFAULT '',
  `date` datetime NOT NULL
) ENGINE=InnoDB AUTO_INCREMENT=23 DEFAULT CHARSET=latin1;

--
-- Dumping data for table `sent_mail`
--

INSERT INTO `sent_mail` (`id`, `staff_id`, `user_id`, `subject`, `message`, `recipients`, `status`, `date`) VALUES
(1, 0, 0, 'WELCOME TO BULK SMS', '<b>welcome to bulksms</b>', 'mzndako@gmail.com', 'Sent', '2016-11-14 00:00:00'),
(2, 1, 6, 'WELCOME TO BULK SMS', '<b>welcome to bulksms</b>', 'mzndako@gmail.com', 'Sent', '2016-11-14 00:00:00'),
(3, 15, 15, 'BOLD & BEAUTIFUL SAL', '<p>Dear ndako,</p>\r\n\r\n<p>Your appointment was successfully booked for <strong>0000-00-00 00:00:00</strong></p>\r\n', 'test2@test.com', 'Sent', '2016-11-22 08:20:12'),
(4, 15, 15, 'BOLD & BEAUTIFUL SAL', '<p>Dear ndako,</p>\r\n\r\n<p>Your appointment was successfully booked for <strong>0000-00-00 00:00:00</strong></p>\r\n', 'test2@test.com', 'Sent', '2016-11-22 08:24:04'),
(5, 16, 16, 'BOLD & BEAUTIFUL SAL', '<p>Dear muhammad,</p>\r\n\r\n<p>Your appointment was successfully booked for <strong>0000-00-00 00:00:00</strong></p>\r\n', 'test3@test.com', 'Sent', '2016-11-22 08:47:42'),
(6, 1, 3, 'JUST TESTING', '<p>Yahaya Usman Ndako</p>\r\n', 'admin2@admin.com', 'Sent', '2016-11-22 14:19:11'),
(7, 1, 6, 'me and you', '<p>070346347170703463471707034634717</p>\r\n', 'mzndako2@gmail.com', 'Sent', '2016-11-22 14:25:07'),
(8, 1, 9, 'me and you', '<p>070346347170703463471707034634717</p>\r\n', 'janet@gmail.com', 'Sent', '2016-11-22 14:25:10'),
(9, 1, 0, 'me and you', '<p>070346347170703463471707034634717</p>\r\n', 'mzndako@gmail.com', 'Sent', '2016-11-22 14:25:12'),
(10, 1, 2, 'bbb', '<p>h<span style="color:#ff0000">ell</span>o</p>\r\n\r\n<p>&nbsp;</p>\r\n\r\n<p>&nbsp;</p>\r\n\r\n<p><strong>how are</strong> you <sub>doing</sub></p>\r\n\r\n<p>&nbsp;</p>\r\n\r\n<p>&nbsp;</p>\r\n\r\n<p>&nbsp;</p>\r\n\r\n<p>&nbsp;</p>\r\n', 'mzndako@gmail.com', 'Sent', '2016-11-22 14:26:40'),
(11, 1, 3, 'bbb', '<p>h<span style="color:#ff0000">ell</span>o</p>\r\n\r\n<p>&nbsp;</p>\r\n\r\n<p>&nbsp;</p>\r\n\r\n<p><strong>how are</strong> you <sub>doing</sub></p>\r\n\r\n<p>&nbsp;</p>\r\n\r\n<p>&nbsp;</p>\r\n\r\n<p>&nbsp;</p>\r\n\r\n<p>&nbsp;</p>\r\n', 'admin2@admin.com', 'Sent', '2016-11-22 14:26:42'),
(12, 1, 1, 'BOLD & BEAUTIFUL SAL', '<p><strong>PAYMENT RECEIPT:</strong><br />\r\n[payment]</p>\r\n\r\n<p>Total = 23000.88</p>\r\n', 'janet@gmail.com', 'Sent', '2016-11-22 14:37:17'),
(13, 1, 1, 'BOLD & BEAUTIFUL SAL', '<p><strong>PAYMENT RECEIPT:</strong><br />\r\n									<table class="table" style="text-align: left;" >\n											<tr>\n												<th>S/N</th>\n												<th>Product/Service</th>\n												<th>Amount</th>\n												<th>Quantity</th>\n												<th>Total</th>\n												<th>Discount (Promo)</th>\n												<th>Grand Total</th>\n											</tr><tr><td>1</td><td>Cream</td><td class=''format_number''>3500</td><td>1</td><td class=''format_number''>3500</td><td>Not Available</td><td><b  class=''format_number''>3500</b></td></tr><tr><td colspan=''6'' style=''text-align: right;''><b>Grand Total</b></td><td style=''font-weight: bold; color: red;''\nclass=''format_number''>\n3500</td></tr></table></p>\r\n\r\n<p>Total = N 3,500</p>\r\n', 'mzndako2@gmail.com', 'Sent', '2016-11-22 15:45:23'),
(14, 1, 2, 'BOLD & BEAUTIFUL SAL', 'Good day,\r<br>We have activated a new offer for you with 30% discount.\r<br>Please patronize us to enjoy this offer', 'mzndako@gmail.com', 'Sent', '2016-11-22 16:08:39'),
(15, 1, 3, 'BOLD & BEAUTIFUL SAL', 'Good day,\r<br>We have activated a new offer for you with 30% discount.\r<br>Please patronize us to enjoy this offer', 'admin2@admin.com', 'Sent', '2016-11-22 16:08:41'),
(16, 1, 6, 'BOLD & BEAUTIFUL SAL', 'Good day,\r<br>We have activated a new offer for you with 30% discount.\r<br>Please patronize us to enjoy this offer', 'mzndako2@gmail.com', 'Sent', '2016-11-22 16:08:43'),
(17, 1, 9, 'BOLD & BEAUTIFUL SAL', 'Good day,\r<br>We have activated a new offer for you with 30% discount.\r<br>Please patronize us to enjoy this offer', 'janet@gmail.com', 'Sent', '2016-11-22 16:08:45'),
(18, 1, 12, 'BOLD & BEAUTIFUL SAL', 'Good day,\r<br>We have activated a new offer for you with 30% discount.\r<br>Please patronize us to enjoy this offer', 'test@test.com', 'Sent', '2016-11-22 16:08:48'),
(19, 1, 15, 'BOLD & BEAUTIFUL SAL', 'Good day,\r<br>We have activated a new offer for you with 30% discount.\r<br>Please patronize us to enjoy this offer', 'test2@test.com', 'Sent', '2016-11-22 16:08:50'),
(20, 1, 16, 'BOLD & BEAUTIFUL SAL', 'Good day,\r<br>We have activated a new offer for you with 30% discount.\r<br>Please patronize us to enjoy this offer', 'test4@test.com', 'Sent', '2016-11-22 16:08:52'),
(21, 1, 17, 'BOLD & BEAUTIFUL SAL', 'Good day,\r<br>We have activated a new offer for you with 30% discount.\r<br>Please patronize us to enjoy this offer', 'test4@gmail.com', 'Sent', '2016-11-22 16:08:54'),
(22, 1, 1, 'BOLD & BEAUTIFUL SAL', '<p><strong>PAYMENT RECEIPT:</strong><br />\r\n									<table class="table" style="text-align: left;" >\n											<tr>\n												<th>S/N</th>\n												<th>Product/Service</th>\n												<th>Amount</th>\n												<th>Quantity</th>\n												<th>Total</th>\n												<th>Discount (Promo)</th>\n												<th>Grand Total</th>\n											</tr><tr><td>1</td><td>Penpus removal</td><td class=''format_number''>20000.88</td><td>3</td><td class=''format_number''>60002.64</td><td><label class=''label label-info''><b>30 % </b></label> (Mz)</td><td><b  class=''format_number''>42001.85</b></td></tr><tr><td>2</td><td>Face dressing</td><td class=''format_number''>14000.55</td><td>1</td><td class=''format_number''>14000.55</td><td><label class=''label label-info''><b>30 % </b></label> (Mz)</td><td><b  class=''format_number''>9800.39</b></td></tr><tr><td colspan=''6'' style=''text-align: right;''><b>Grand Total</b></td><td style=''font-weight: bold; color: red;''\nclass=''format_number''>\n51802.24</td></tr></table></p>\r\n\r\n<p>Total = N 51,802</p>\r\n', 'mzndako@gmail.com', 'Sent', '2016-11-23 19:24:42');

-- --------------------------------------------------------

--
-- Table structure for table `sent_sms`
--

CREATE TABLE IF NOT EXISTS `sent_sms` (
`id` int(11) NOT NULL,
  `staff_id` int(11) NOT NULL,
  `user_id` int(11) NOT NULL DEFAULT '0',
  `sender_id` varchar(20) NOT NULL,
  `message` varchar(800) NOT NULL,
  `recipients` text NOT NULL,
  `status` varchar(100) NOT NULL DEFAULT '',
  `date` datetime NOT NULL
) ENGINE=InnoDB AUTO_INCREMENT=16 DEFAULT CHARSET=latin1;

--
-- Dumping data for table `sent_sms`
--

INSERT INTO `sent_sms` (`id`, `staff_id`, `user_id`, `sender_id`, `message`, `recipients`, `status`, `date`) VALUES
(1, 1, 5, 'QUICK SMS', 'I HATE YOU', '2347034563547', 'OK 3', '2016-11-12 11:20:29'),
(2, 15, 15, 'BOLD&BEAUTY', 'Dear ndako,\r\nYour appointment was successfully booked for 0000-00-00 00:00:00', '2340703463474', '0', '2016-11-22 08:20:10'),
(3, 15, 15, 'BOLD&BEAUTY', 'Dear ndako,\r\nYour appointment was successfully booked for 0000-00-00 00:00:00', '2340703463474', '0', '2016-11-22 08:24:02'),
(4, 16, 16, 'BOLD&BEAUTY', 'Dear muhammad,\r\nYour appointment was successfully booked for 0000-00-00 00:00:00', '2347034634718', '0', '2016-11-22 08:47:39'),
(5, 1, 3, 'THIS IS ME', 'Yahaya Usman Ndako\n\r\n', '2349038781252', '0', '2016-11-22 14:19:12'),
(6, 1, 0, '07034634717', '070346347170703463471707034634717\n\r\n', '2347034634717', '0', '2016-11-22 14:24:03'),
(7, 1, 0, '07034634717', '070346347170703463471707034634717\n\r\n', '2347034634717', '0', '2016-11-22 14:24:19'),
(8, 1, 6, 'mzndako', '070346347170703463471707034634717\n\r\n', '2347033333333', '0', '2016-11-22 14:25:08'),
(9, 1, 9, 'mzndako', '070346347170703463471707034634717\n\r\n', '12345', '0', '2016-11-22 14:25:10'),
(10, 1, 2, 'aaa', 'hello\n\r\n\r\n&nbsp;\n\r\n\r\n&nbsp;\n\r\n\r\nhow are you doing\n\r\n\r\n&nbsp;\n\r\n\r\n&nbsp;\n\r\n\r\n&nbsp;\n\r\n\r\n&nbsp;\n\r\n', '2348085467774', '0', '2016-11-22 14:26:40'),
(11, 1, 3, 'aaa', 'hello\n\r\n\r\n&nbsp;\n\r\n\r\n&nbsp;\n\r\n\r\nhow are you doing\n\r\n\r\n&nbsp;\n\r\n\r\n&nbsp;\n\r\n\r\n&nbsp;\n\r\n\r\n&nbsp;\n\r\n', '2349038781252', '0', '2016-11-22 14:26:43'),
(12, 1, 2, 'bb', 'mz\r\n\r\nabdul\r\n', '2348085467774', '0', '2016-11-22 14:29:50'),
(13, 1, 1, 'BOLD&BEAUTY', 'PAYMENT RECEIPT:\r\n[payment]\r\nTotal = 23000.88', '12345', '0', '2016-11-22 14:37:15'),
(14, 1, 1, 'BOLD&BEAUTY', 'PAYMENT RECEIPT:\r\n\nCream = N3,500\r\nTotal = N 3,500', '2347033333333', '0', '2016-11-22 15:45:21'),
(15, 1, 1, 'BOLD&BEAUTY', 'PAYMENT RECEIPT:\r\nPenpus removal = N42,002\nFace dressing = N9,800\r\nTotal = N 51,802', '2348085467774', '0', '2016-11-23 19:24:39');

-- --------------------------------------------------------

--
-- Table structure for table `services`
--

CREATE TABLE IF NOT EXISTS `services` (
`id` int(11) NOT NULL,
  `name` varchar(100) NOT NULL,
  `specialization` int(11) NOT NULL,
  `amount` decimal(10,2) NOT NULL DEFAULT '0.00',
  `deleted` int(11) NOT NULL DEFAULT '0'
) ENGINE=InnoDB AUTO_INCREMENT=8 DEFAULT CHARSET=latin1;

--
-- Dumping data for table `services`
--

INSERT INTO `services` (`id`, `name`, `specialization`, `amount`, `deleted`) VALUES
(1, 'Face dressing', 1, '14000.55', 0),
(2, 'Hair dressing', 1, '7000.00', 0),
(3, 'Hair combing', 1, '3000.00', 0),
(5, 'Penpus removal', 2, '20000.88', 0),
(6, 'Cream', 3, '3500.00', 1),
(7, 'mz', 4, '3565.66', 1);

-- --------------------------------------------------------

--
-- Table structure for table `settings`
--

CREATE TABLE IF NOT EXISTS `settings` (
`settings_id` int(11) NOT NULL,
  `type` longtext CHARACTER SET utf8 COLLATE utf8_unicode_ci NOT NULL,
  `description` longtext CHARACTER SET utf8 COLLATE utf8_unicode_ci NOT NULL
) ENGINE=MyISAM AUTO_INCREMENT=373 DEFAULT CHARSET=latin1;

--
-- Dumping data for table `settings`
--

INSERT INTO `settings` (`settings_id`, `type`, `description`) VALUES
(30, 'current_term', '8'),
(29, 'current_language', 'english'),
(19, 'twilio_sender_phone_number', ''),
(18, 'twilio_auth_token', ''),
(13, 'clickatell_user', ''),
(20, 'active_sms_service', 'disabled'),
(350, 'text_align', ''),
(351, 'division_id', ''),
(352, 'skin_color', ''),
(17, 'twilio_account_sid', ''),
(15, 'clickatell_api_id', ''),
(14, 'clickatell_password', ''),
(5, 'paypal_email', ''),
(35, 'students_access', 'login,view_students,view_teachers,view_parents,view_subjects,view_routines,view_attendance,view_results,view_invoices'),
(36, 'parents_access', 'login,admit_student,view_students,view_routines,view_results,view_invoices'),
(37, 'academic_staff_access', 'login,admit_student,view_students,update_student,view_routines,view_results,view_invoices'),
(38, 'non_academic_staff_access', ''),
(42, 'activate_transport', '0'),
(353, 'bank_details', ''),
(332, 'address', 'Abuja'),
(333, 'phone', '2348061286652'),
(334, 'currency', 'N'),
(335, 'system_email', 'bold'),
(336, 'language', 'english'),
(337, 'skin_colour', 'red'),
(339, 'text-align', ''),
(349, 'system_title', 'BOLD AND BEAUTIFUL'),
(348, 'system_name', 'BOLD AND BEAUTIFUL'),
(347, 'student_password', '123456'),
(354, 'sms_senderid', 'BOLD&BEAUTY'),
(355, 'email_senderid', 'BOLD & BEAUTIFUL SALON'),
(356, 'booking_send_sms', '1'),
(357, 'booking_sms', 'Dear [fname],\r\nYour appointment was successfully booked for [date]'),
(358, 'booking_send_email', '1'),
(359, 'booking_email', '<p>Dear [fname],</p>\r\n\r\n<p>Your appointment was successfully booked for <strong>[date]</strong></p>\r\n'),
(360, 'booking_reminder_sms', 'Dear [fname],\r\nYour appointment with BOLD AND BEAUTIFUL SALON is almost due [date].\r\n'),
(361, 'booking_reminder_hours', '24'),
(362, 'booking_reminder_send_sms', '0'),
(363, 'booking_reminder_sms_hours', '1'),
(364, 'booking_reminder_send_email', '1'),
(365, 'booking_reminder_hours_email', '2'),
(366, 'sms_receipt', 'PAYMENT RECEIPT:\r\n[receipt]\r\nTotal = [total]'),
(367, 'email_receipt', '<p><strong>PAYMENT RECEIPT:</strong><br />\r\n[receipt]</p>\r\n\r\n<p>Total = [total]</p>\r\n'),
(368, 'sms_api', 'http://www.quicksms1.com/api/sendsms.php?username=mzndako&password=ndako&sender=[sender]&message=[message]&recipient=[recipient]'),
(369, 'booking_reminder_email', '<p>Dear [fname],</p>\r\n\r\n<p>Your appointment was successfully booked for <strong>[date]</strong></p>\r\n'),
(370, 'submit', 'SAVE'),
(371, 'approximate', '2'),
(372, 'members_default_password', '123456');

-- --------------------------------------------------------

--
-- Table structure for table `sign_in`
--

CREATE TABLE IF NOT EXISTS `sign_in` (
`id` int(11) NOT NULL,
  `staff_id` int(11) NOT NULL,
  `user_id` int(11) NOT NULL,
  `products` text NOT NULL,
  `sign_in` datetime NOT NULL,
  `sign_out` datetime NOT NULL,
  `is_signout` int(11) NOT NULL
) ENGINE=InnoDB AUTO_INCREMENT=6 DEFAULT CHARSET=latin1;

--
-- Dumping data for table `sign_in`
--

INSERT INTO `sign_in` (`id`, `staff_id`, `user_id`, `products`, `sign_in`, `sign_out`, `is_signout`) VALUES
(1, 1, 2, '[{"id":"1","name":"Face dressing","amount":"14000","unit":"1","total":"14000"},{"id":"1","name":"Face dressing","amount":"14000","unit":"1","total":"14000"},{"id":"1","name":"Face dressing","amount":"14000","unit":"1","total":"14000"}]', '2016-11-14 05:39:16', '2016-11-14 07:34:36', 1),
(2, 1, 3, '[{"id":"3","name":"Hair combing","amount":"3000","unit":"1","total":"3000"},{"id":"2","name":"Hair dressing","amount":"7000","unit":"1","total":"7000"}]', '2016-11-14 07:38:24', '0000-00-00 00:00:00', 0),
(3, 1, 6, '[{"id":"6","name":"Cream","amount":"3500","unit":"1","total":"3500"}]', '2016-11-14 07:42:34', '2016-11-22 15:45:21', 1),
(4, 1, 9, '[{"id":"3","name":"Hair combing","amount":"3000","unit":"1","total":"3000"},{"id":"5","name":"Penpus removal","amount":"20000","unit":"1","total":"20000"}]', '2016-11-14 07:53:26', '2016-11-22 14:37:15', 1),
(5, 1, 9, '[{"id":"1","name":"Face dressing","amount":"14000","unit":"1","total":"14000"}]', '2016-11-14 08:48:47', '2016-11-14 08:49:20', 1);

-- --------------------------------------------------------

--
-- Table structure for table `specializations`
--

CREATE TABLE IF NOT EXISTS `specializations` (
`id` int(11) NOT NULL,
  `name` varchar(100) NOT NULL
) ENGINE=InnoDB AUTO_INCREMENT=4 DEFAULT CHARSET=latin1;

--
-- Dumping data for table `specializations`
--

INSERT INTO `specializations` (`id`, `name`) VALUES
(1, 'Hair Making'),
(2, 'Face Massages'),
(3, 'Products');

-- --------------------------------------------------------

--
-- Table structure for table `users`
--

CREATE TABLE IF NOT EXISTS `users` (
`id` int(11) NOT NULL,
  `fname` varchar(100) COLLATE utf8_unicode_ci DEFAULT NULL,
  `mname` varchar(100) COLLATE utf8_unicode_ci DEFAULT NULL,
  `surname` varchar(100) COLLATE utf8_unicode_ci DEFAULT NULL,
  `birthday` date DEFAULT NULL,
  `sex` varchar(10) COLLATE utf8_unicode_ci DEFAULT NULL,
  `nationality` varchar(50) COLLATE utf8_unicode_ci DEFAULT NULL,
  `state` varchar(50) COLLATE utf8_unicode_ci DEFAULT NULL,
  `lga` varchar(50) COLLATE utf8_unicode_ci DEFAULT NULL,
  `residential_address` varchar(800) COLLATE utf8_unicode_ci DEFAULT NULL,
  `permanent_address` varchar(800) COLLATE utf8_unicode_ci DEFAULT NULL,
  `c1_name` varchar(100) COLLATE utf8_unicode_ci DEFAULT NULL,
  `c1_address1` varchar(500) COLLATE utf8_unicode_ci DEFAULT NULL,
  `c1_phone` varchar(100) COLLATE utf8_unicode_ci DEFAULT NULL,
  `c1_relationship` varchar(50) COLLATE utf8_unicode_ci DEFAULT NULL,
  `phone` varchar(100) COLLATE utf8_unicode_ci NOT NULL,
  `email` varchar(200) COLLATE utf8_unicode_ci NOT NULL,
  `password` varchar(100) COLLATE utf8_unicode_ci DEFAULT NULL,
  `authentication_key` varchar(500) COLLATE utf8_unicode_ci DEFAULT NULL,
  `access` varchar(500) COLLATE utf8_unicode_ci DEFAULT NULL,
  `is_admin` int(11) NOT NULL DEFAULT '0',
  `date` datetime NOT NULL,
  `disabled` int(11) NOT NULL DEFAULT '0',
  `date_registered` date DEFAULT NULL,
  `designation` varchar(100) COLLATE utf8_unicode_ci NOT NULL DEFAULT '',
  `specialization` int(11) NOT NULL DEFAULT '0',
  `next_of_kin_name` varchar(100) COLLATE utf8_unicode_ci NOT NULL DEFAULT '',
  `next_of_kin_address` varchar(500) COLLATE utf8_unicode_ci NOT NULL DEFAULT '',
  `next_of_kin_phone` varchar(100) COLLATE utf8_unicode_ci NOT NULL DEFAULT ''
) ENGINE=InnoDB AUTO_INCREMENT=18 DEFAULT CHARSET=utf8 COLLATE=utf8_unicode_ci;

--
-- Dumping data for table `users`
--

INSERT INTO `users` (`id`, `fname`, `mname`, `surname`, `birthday`, `sex`, `nationality`, `state`, `lga`, `residential_address`, `permanent_address`, `c1_name`, `c1_address1`, `c1_phone`, `c1_relationship`, `phone`, `email`, `password`, `authentication_key`, `access`, `is_admin`, `date`, `disabled`, `date_registered`, `designation`, `specialization`, `next_of_kin_name`, `next_of_kin_address`, `next_of_kin_phone`) VALUES
(1, 'Admin   ', 'A', 'Mr.', NULL, NULL, 'Nigeria', 'Niger', 'Lavun', 'Behind Abdulsalam Garage, Tunga', 'Kpagungu Niger St', 'Mz', NULL, NULL, NULL, '070300000', 'admin2@gmail.com', 'admin', NULL, 'login,view_appointments,can_sign_in,can_sign_out,manage_settings,manage_alerts,manage_members,manage_admin,make_payment,manage_expenditures,view_payments,view_all_payments,manage_promos,manage_products,send_message,view_messages,view_sent_messages', 1, '2016-10-09 15:43:48', 0, '2016-10-18', '', 2, '', '', ''),
(2, 'Mr', NULL, 'Admin', NULL, 'male', NULL, NULL, NULL, 'Behind Abdulsalam Garage Tunga Minna', NULL, NULL, NULL, NULL, NULL, '08085467774', 'admin@gmail.com', 'admin', NULL, NULL, 0, '0000-00-00 00:00:00', 0, '2016-10-11', '', 2, '', '', ''),
(3, 'Tested', '', 'Testing', '2016-10-12', 'male', NULL, NULL, NULL, NULL, NULL, NULL, NULL, NULL, NULL, '2349038781252', 'admin@admin.com', 'admin', NULL, 'login,manage_settings,view_members', 0, '0000-00-00 00:00:00', 0, '2016-10-20', '', 0, '', '', ''),
(4, 'Tested', NULL, 'Testing', NULL, 'male', NULL, NULL, NULL, NULL, NULL, NULL, NULL, NULL, NULL, '88888888', 'admin3@admin.com', '8c88368', NULL, 'login,view_appointments,can_sign_in,can_sign_out,manage_settings,manage_alerts,manage_members,manage_admin,make_payment,manage_expenditures,view_payments,view_all_payments,manage_promos,manage_products,send_message,view_messages,view_sent_messages', 1, '0000-00-00 00:00:00', 0, '2016-10-19', '', 1, '', '', ''),
(5, 'TEST', NULL, 'TESTED ', NULL, 'male', NULL, NULL, NULL, NULL, NULL, NULL, NULL, NULL, NULL, '6666666666', 'admin4@admin.com', 'admin', NULL, '', 1, '0000-00-00 00:00:00', 0, NULL, '', 0, '', '', ''),
(6, 'Yahaya', NULL, 'Kachat', NULL, NULL, NULL, NULL, NULL, NULL, NULL, NULL, NULL, NULL, NULL, '07033333333', 'mzndako2@gmail.com', NULL, NULL, NULL, 0, '0000-00-00 00:00:00', 0, NULL, '', 0, '', '', ''),
(9, 'janet', NULL, 'ibrahim', NULL, NULL, NULL, NULL, NULL, 'Behind abdulsalam Garage tunga minna', NULL, NULL, NULL, NULL, NULL, '12345', 'janet@gmail.com', NULL, NULL, NULL, 0, '0000-00-00 00:00:00', 0, NULL, '', 0, '', '', ''),
(10, 'Muhammad', 'Zhitsu', 'Ndako', '0000-00-00', 'male', NULL, NULL, NULL, NULL, NULL, NULL, NULL, NULL, NULL, '2347034634717', 'quicksmsone@gmail.com', '123456', NULL, NULL, 1, '0000-00-00 00:00:00', 0, NULL, '', 1, '', '', ''),
(11, 'del', NULL, 'del', NULL, NULL, NULL, NULL, NULL, NULL, NULL, NULL, NULL, NULL, NULL, '333333', 'aaaaa', '**********', NULL, NULL, 1, '0000-00-00 00:00:00', 0, NULL, '', 1, '', '', ''),
(12, 'ndako', NULL, 'mzndako', NULL, NULL, 'Nigeria', 'Niger', NULL, 'tunga', NULL, NULL, NULL, NULL, NULL, '123456789', 'test@test.com', 'test', NULL, NULL, 0, '0000-00-00 00:00:00', 0, NULL, '', 0, '', '', ''),
(15, 'ndako', NULL, 'mzndako', NULL, NULL, 'Nigeria', 'Niger', NULL, 'tunga', NULL, NULL, NULL, NULL, NULL, '2340703463474', 'test2@test.com', 'test2', NULL, NULL, 0, '0000-00-00 00:00:00', 0, NULL, '', 0, '', '', ''),
(16, 'Muhammad', '', 'Ndako', NULL, NULL, 'Nigeria', 'Niger', NULL, 'Minna', NULL, NULL, NULL, NULL, NULL, '2347034634718', 'test4@test.com', 'test', NULL, NULL, 0, '0000-00-00 00:00:00', 0, NULL, '', 0, '', '', ''),
(17, 'Ndako', 'Me', 'Muhammad', '0000-00-00', 'male', 'Nigeria', 'Niger', 'Lavun', 'Minna', NULL, NULL, NULL, NULL, NULL, '2347034634719', 'test4@gmail.com', '**********', NULL, NULL, 0, '0000-00-00 00:00:00', 0, NULL, '', 0, '', '', '');

--
-- Indexes for dumped tables
--

--
-- Indexes for table `appointments`
--
ALTER TABLE `appointments`
 ADD PRIMARY KEY (`id`);

--
-- Indexes for table `expenditure`
--
ALTER TABLE `expenditure`
 ADD PRIMARY KEY (`id`);

--
-- Indexes for table `groups`
--
ALTER TABLE `groups`
 ADD PRIMARY KEY (`id`);

--
-- Indexes for table `income`
--
ALTER TABLE `income`
 ADD PRIMARY KEY (`id`);

--
-- Indexes for table `language`
--
ALTER TABLE `language`
 ADD PRIMARY KEY (`phrase_id`);

--
-- Indexes for table `message`
--
ALTER TABLE `message`
 ADD PRIMARY KEY (`message_id`);

--
-- Indexes for table `message_thread`
--
ALTER TABLE `message_thread`
 ADD PRIMARY KEY (`message_thread_id`);

--
-- Indexes for table `noticeboard`
--
ALTER TABLE `noticeboard`
 ADD PRIMARY KEY (`notice_id`);

--
-- Indexes for table `promo`
--
ALTER TABLE `promo`
 ADD PRIMARY KEY (`id`);

--
-- Indexes for table `promo_regular`
--
ALTER TABLE `promo_regular`
 ADD PRIMARY KEY (`id`), ADD UNIQUE KEY `user_id` (`user_id`,`promo_id`);

--
-- Indexes for table `sent_mail`
--
ALTER TABLE `sent_mail`
 ADD PRIMARY KEY (`id`);

--
-- Indexes for table `sent_sms`
--
ALTER TABLE `sent_sms`
 ADD PRIMARY KEY (`id`);

--
-- Indexes for table `services`
--
ALTER TABLE `services`
 ADD PRIMARY KEY (`id`);

--
-- Indexes for table `settings`
--
ALTER TABLE `settings`
 ADD PRIMARY KEY (`settings_id`);

--
-- Indexes for table `sign_in`
--
ALTER TABLE `sign_in`
 ADD PRIMARY KEY (`id`);

--
-- Indexes for table `specializations`
--
ALTER TABLE `specializations`
 ADD PRIMARY KEY (`id`);

--
-- Indexes for table `users`
--
ALTER TABLE `users`
 ADD PRIMARY KEY (`id`), ADD UNIQUE KEY `email` (`email`), ADD UNIQUE KEY `phone` (`phone`);

--
-- AUTO_INCREMENT for dumped tables
--

--
-- AUTO_INCREMENT for table `appointments`
--
ALTER TABLE `appointments`
MODIFY `id` int(11) NOT NULL AUTO_INCREMENT,AUTO_INCREMENT=6;
--
-- AUTO_INCREMENT for table `expenditure`
--
ALTER TABLE `expenditure`
MODIFY `id` int(11) NOT NULL AUTO_INCREMENT,AUTO_INCREMENT=2;
--
-- AUTO_INCREMENT for table `groups`
--
ALTER TABLE `groups`
MODIFY `id` mediumint(8) unsigned NOT NULL AUTO_INCREMENT,AUTO_INCREMENT=9;
--
-- AUTO_INCREMENT for table `income`
--
ALTER TABLE `income`
MODIFY `id` int(11) NOT NULL AUTO_INCREMENT,AUTO_INCREMENT=28;
--
-- AUTO_INCREMENT for table `language`
--
ALTER TABLE `language`
MODIFY `phrase_id` int(11) NOT NULL AUTO_INCREMENT,AUTO_INCREMENT=1661;
--
-- AUTO_INCREMENT for table `message`
--
ALTER TABLE `message`
MODIFY `message_id` int(11) NOT NULL AUTO_INCREMENT,AUTO_INCREMENT=12;
--
-- AUTO_INCREMENT for table `message_thread`
--
ALTER TABLE `message_thread`
MODIFY `message_thread_id` int(11) NOT NULL AUTO_INCREMENT,AUTO_INCREMENT=6;
--
-- AUTO_INCREMENT for table `noticeboard`
--
ALTER TABLE `noticeboard`
MODIFY `notice_id` int(11) NOT NULL AUTO_INCREMENT;
--
-- AUTO_INCREMENT for table `promo`
--
ALTER TABLE `promo`
MODIFY `id` int(11) NOT NULL AUTO_INCREMENT,AUTO_INCREMENT=9;
--
-- AUTO_INCREMENT for table `promo_regular`
--
ALTER TABLE `promo_regular`
MODIFY `id` int(11) NOT NULL AUTO_INCREMENT,AUTO_INCREMENT=6;
--
-- AUTO_INCREMENT for table `sent_mail`
--
ALTER TABLE `sent_mail`
MODIFY `id` int(11) NOT NULL AUTO_INCREMENT,AUTO_INCREMENT=23;
--
-- AUTO_INCREMENT for table `sent_sms`
--
ALTER TABLE `sent_sms`
MODIFY `id` int(11) NOT NULL AUTO_INCREMENT,AUTO_INCREMENT=16;
--
-- AUTO_INCREMENT for table `services`
--
ALTER TABLE `services`
MODIFY `id` int(11) NOT NULL AUTO_INCREMENT,AUTO_INCREMENT=8;
--
-- AUTO_INCREMENT for table `settings`
--
ALTER TABLE `settings`
MODIFY `settings_id` int(11) NOT NULL AUTO_INCREMENT,AUTO_INCREMENT=373;
--
-- AUTO_INCREMENT for table `sign_in`
--
ALTER TABLE `sign_in`
MODIFY `id` int(11) NOT NULL AUTO_INCREMENT,AUTO_INCREMENT=6;
--
-- AUTO_INCREMENT for table `specializations`
--
ALTER TABLE `specializations`
MODIFY `id` int(11) NOT NULL AUTO_INCREMENT,AUTO_INCREMENT=4;
--
-- AUTO_INCREMENT for table `users`
--
ALTER TABLE `users`
MODIFY `id` int(11) NOT NULL AUTO_INCREMENT,AUTO_INCREMENT=18;
/*!40101 SET CHARACTER_SET_CLIENT=@OLD_CHARACTER_SET_CLIENT */;
/*!40101 SET CHARACTER_SET_RESULTS=@OLD_CHARACTER_SET_RESULTS */;
/*!40101 SET COLLATION_CONNECTION=@OLD_COLLATION_CONNECTION */;
